	1_SBS31_0.968153_0.98	2_SBS44_0.63	3_0.96	4_SBS11_0.985989_0.97	5_0.92	6_SBS17b_0.879886_0.93	7_SBS36_0.979943_0.84	8_SBS2_0.999321_1.0	9_0.97	10_0.94	11_SBS32_0.59	12_SBS13_0.988529_0.95	13_SBS7a_0.9327_1.0	14_SBS21_0.935793_1.0	15_0.99	16_0.92	17_SBS4_0.935484_0.97	18_SBS15_0.917425_0.87	19_SBS17b_0.961548_0.99	20_0.92	21_SBS29_0.27	22_SBS14_0.77	23_SBS1_0.996494_1.0	24_0.96	25_SBS13_-0.5
A[C>A]A	0.0005701730431798107	0.0024482720822514947	0.020698250607374485	2.216177654340147e-05	0.003007045409228105	0.0017153550412749967	0.061273969663397584	0.00013748574952409672	0.0002731845931588313	0.013138629624781772	0.04709278449565405	0.0010032339212647696	0.0035665932029324532	0.0012961744901315694	0.0005530621530713983	0.0008378832149452367	0.061024909971606936	0.00023784978098775504	0.00025159695363375896	0.02464003681854447	0.0712571331192758	0.0010622294004057967	0.002367284306317134	0.012178535080802102	0.007481433040120427
A[C>A]C	0.03648110206192028	0.006777489363484667	0.028588140311512907	4.8887774469631406e-05	0.00010626169721148792	0.00014181626735720922	0.010174982149601287	0.0008416912582542809	0.00034805722525627585	0.0001621898903128449	0.01621115708049057	0.0001973246833819296	0.00041929267744605117	3.1071051223740553e-06	0.002614562758949009	0.0002968225405481978	0.037159618966089485	0.00017507917398041893	4.8703337714851063e-05	0.0504489844006478	0.022928092259825048	0.007116253590649764	0.0034831441647209488	0.00038716402602560887	0.0111592530117955
A[C>A]G	0.0006340513233918255	0.00045015441637566845	0.0012373337848197745	6.709691761914249e-06	3.4772519974946753e-06	1.545865959159859e-05	0.0032282989309989018	9.891099694280392e-05	7.056321867682414e-09	0.00016374605441141574	0.003616215106961825	0.00015244863487675437	0.00015869988474042672	1.099605452069646e-06	0.00012686457898849864	9.404767841776656e-05	0.02146772999305104	5.170374235776434e-06	2.3189210063322034e-05	0.0008274323310962974	0.005841363042832555	0.00041797534365268206	9.552263514161607e-06	0.0071644255904412734	0.0027672722142003765
A[C>A]T	0.0037195722054222643	0.004641893415064959	0.012213355587427841	3.8383685831844876e-05	0.0026708860560762182	0.00028235878537586625	0.02240046208577228	0.00011492751710938483	0.00017098012654479726	0.0034251444679290035	0.028115671272609544	0.0006407697931879065	0.001550722632937186	0.00028237470136387464	0.001565711821892808	0.00032079105184344036	0.04905211519722009	0.0006617277864416259	0.0001495254631310996	0.03289141914840959	0.034685570328841724	0.04784030663998602	0.00027859571419679044	0.0035353356923466146	0.005945508483190555
A[C>G]A	0.00030735927103363314	0.009188573800284127	0.0020139821678285858	2.5356045733782774e-05	0.002889212759259399	0.0006614731607967551	0.0016168386565214381	3.7364142385185067e-06	0.0008159652178935435	0.019931621251725103	0.0055716971417594345	0.0045973603931869726	0.0004257217435496687	4.4941836773287285e-06	0.0005825787583767077	0.00029903431976228387	0.018792661902779374	0.00019383003548739555	0.0023589138083874328	0.005093135788188095	0.034634323265840684	0.0014402378028497613	0.001968778226624036	0.007436939265290782	0.017396964682152988
A[C>G]C	0.0020743896394086166	0.005489897179067545	0.005332537617521277	4.54417835831045e-05	2.3083612779443308e-07	0.00020391919852781102	0.0014778674710266507	0.00019740678600903717	0.00046135282180734206	0.010717075305150352	0.0033105820175154533	0.0009873202264359137	0.00018215862139225924	0.0005708027281432818	0.0002267029637732278	0.000169506189736326	0.006151580250284565	9.757077940252944e-05	0.0019479549709514206	0.002188750514521511	0.019711064738086703	0.0007405672961971401	0.0004164709070720778	0.0011295981114621	0.011145835739180515
A[C>G]G	0.0011277590157766945	0.0008746894956586473	3.4859128534107876e-05	7.605381454902126e-06	1.1729482806501707e-06	0.00031953673509905843	0.00011327203555453286	2.908176017864629e-05	1.3320892164751711e-05	0.0009202471782255768	0.0008106043076632134	0.0003807876636173565	0.00026424786209286834	6.330738984758114e-06	1.4861273110328485e-05	0.00045430405196469236	0.003354680180766141	1.327206100894932e-05	0.0004821932076027869	0.00046116333943047245	0.0092915181000527	0.0004387833635077752	2.2322342582100665e-05	0.0011923859839043946	0.010262085782025091
A[C>G]T	0.002461138445748843	0.01605007410654646	0.004386133849532375	7.671640348695231e-05	2.2204000000000262e-16	2.2204000000000304e-16	0.0011376960606432238	2.2204000000000237e-16	0.0011415561703188436	0.057010485982797426	0.004080496877350265	0.0044946626654115045	0.0003854782055951158	6.611640451704402e-06	7.661160015898218e-05	0.0004114638686576524	0.010647301041248716	0.00026787580356923046	0.006168419513700554	0.008843019662996264	0.033002659181005166	0.0021161801591262227	4.981434950807286e-06	0.00018684255441755583	0.018281201337700875
A[C>T]A	0.0006842929716947463	0.13911264653197836	0.0009200195837943156	0.03221082123785725	0.05768615121831505	0.002211152284411537	0.0005512756200682805	0.006610883193762108	4.5251079749931576e-06	0.00027650295375212624	0.15134702700740554	0.0013493165281938688	6.828391529273137e-05	0.0007646009769151896	0.0007599001723476487	0.0017621523165553426	0.010671594702213972	0.03984115510578705	0.0007854508063857403	6.1129126978440575e-06	0.003943509318582574	0.003314358373071372	0.021844556359948846	0.0281189011694176	0.0021089476009313133
A[C>T]C	0.00011833055323858792	0.03603306298175392	0.0030179136790652976	0.12255335045472393	0.00023315940348686543	0.0013814254822643213	0.0021761828991973056	7.370318542008682e-06	0.001474350983746107	0.0015944017139918126	0.06201695381109025	1.1021234133065676e-05	0.024250977026839184	0.003721518214567317	0.0001385557848044166	7.287322263582311e-05	0.0018810103632686426	0.00805975699880008	0.00044062615427221887	0.0008618688208194027	0.002495061227238943	0.006730945744412815	0.002368971118521976	0.0009022934881453492	0.0021934260906316693
A[C>T]G	0.005504682601324599	0.034477337236391604	0.03399324239678141	0.0015127744786134348	0.010792895219686979	0.0015967926132525842	0.0006260377243198972	0.0006040767096890366	0.0018729753472716364	0.0006328721377075576	0.018863279916864227	0.00018753070106975768	0.0002890894305315004	0.001608831034988732	1.4090205585646373e-12	0.0005834249137263746	0.0002383028547616417	0.006805573142617707	0.001308223738920877	0.008035919148001575	0.012374295812607915	0.03070939867569225	0.3789858091167229	0.0016697102819755074	0.006269302043486092
A[C>T]T	0.00034338244147494887	0.04455826293179085	0.0015580855531349984	0.11752957180347486	0.0008968172486501541	0.0012336004144979007	0.0017026568889706294	0.000717755506358647	0.0021265441391582858	0.002450092756747537	0.15628460685953946	0.0005663052186726831	0.009680454875643507	0.002237590176521636	0.001513551575369242	0.00012819092013304772	0.00027152026877019683	0.0007749257715537135	0.001606177488505315	0.00845832041222543	0.007277047773166421	0.012477238464410824	0.001488597421724674	0.0004901687981098584	0.0030158069203648137
A[T>A]A	0.004901653992309327	0.003390995272597181	0.04922255318697291	6.2493657005151234e-06	6.07542905626236e-05	0.00021006491232563018	0.001044746703176741	4.338684315240378e-05	0.0003445665897422413	0.006033372980030943	0.0036854136059764242	0.0003875155689649205	0.005204832006662353	0.02053177665933496	0.0004812810969052074	0.06265410989132064	0.013800707470150927	0.014173241309765631	0.0009441346834258627	0.012353867484368949	0.0019090547151588335	0.0011021599147067402	0.00014747390262715853	0.016925700402485734	0.0025760418070403315
A[T>A]C	0.007116213684485338	0.003821995327927945	0.03251593686784433	4.554868060739272e-06	0.00022535962140181998	0.0008350078789022464	0.0007227655956339738	0.00018964001205329104	0.008765720355086356	4.085501210496961e-05	0.00034541670013293766	0.000264200404438472	0.0008244328330510541	0.016349378932647568	1.066930057854136e-05	0.0006097584861052296	0.003178636073555007	0.02671006225677541	0.001073982361503648	0.0248127062830682	0.0020444948837129787	0.0002817043165614199	7.970335889220707e-05	1.6928731003212306e-05	0.0022987209126218698
A[T>A]G	0.00019836559057012865	0.002106655493455093	0.023646862196614445	7.808782473106576e-05	0.0006401459860549272	0.0006467226644008841	0.0010170219093866145	0.00020761791220849505	0.00044724610424420284	0.0005198156595674794	0.004514170933000415	0.0002673080072629772	0.0015850431735788375	0.0009080633769256087	4.278412304776724e-05	0.0009608850097986859	0.015048984626905106	0.001288877155148992	1.8579232448306995e-06	0.017014093022582052	0.010686977703562963	0.0002602553816824934	0.0005232713480885191	0.01945353255471865	0.005861386646620159
A[T>A]T	0.004322794836692869	0.011618339960564104	0.06979053410573985	3.7689423245992105e-05	0.03491308825727026	0.007300205609327903	0.005957991473023423	4.4270763601808664e-05	0.003163465007736122	0.008857956204197565	0.007332267819231811	0.00029500311607113795	0.010255522033356614	0.00494635595345404	0.003396730198042213	0.02466320383060791	0.0030289902476598905	0.024128236002211333	0.001751484980065005	0.022045199460505854	0.003582351139333422	0.007969937302139709	0.0078047821714539315	0.006960265643950032	0.0025953034206828373
A[T>C]A	0.00669969123946327	0.006893603814192205	0.0756394877175158	0.0013748902255327252	0.04569753712179765	7.829440230855097e-05	0.0016103653736811356	1.4896340678720803e-05	0.01683936823860369	0.03231077478860125	0.002836869288293505	0.0012224323721048045	9.821046203586724e-06	0.06759667379859333	0.012764146686468645	0.01701659017331213	0.008788741636067765	0.011666072214791807	0.0028065899078333328	0.0034483385332014513	0.003097491036066009	0.018120405626700888	0.001924992124835921	0.1401626399705975	0.007178132770239463
A[T>C]C	0.0035196471027048337	0.002135758872350591	0.03090935192149149	0.0009139913492317523	0.016144550477464537	0.002650935933419816	0.0002658811727489236	0.000300586795506597	0.033351074030711705	0.002232663866828499	0.00017793795838037666	7.589352981904788e-06	6.298025279359743e-06	0.018400856768720955	0.005921481626381136	0.0002503995409343226	0.0002045811582206484	0.0020640616412159712	0.0009649780874752859	0.0067139765380634115	0.007954569200936332	0.009279143582676043	0.0008648321880439983	0.009300931958660837	0.00959479539041414
A[T>C]G	0.0009121307567425506	0.009149062291308298	0.024779862681419632	0.000439584429645494	0.05372287992972447	0.00025000859072346366	0.00045068354988563866	0.00013767664447683346	0.016838107788672976	0.002305098786885821	0.0021011448438602765	0.0003040917092202331	0.0002673217344954373	0.039448479895722234	0.002544503030738789	0.00043774960309057696	0.005881293097631396	0.0005978923221871018	0.0016905397227643284	0.002638952662312228	0.00817358301821206	0.009070652673779694	0.0008626603863555383	0.08607685873626332	0.010719293793604838
A[T>C]T	0.006365695409395918	0.003864708492503343	0.11139081242952154	0.001004689928406524	0.015368883534807191	0.0039265857676992885	0.0022280450059588195	0.0003259730001557931	0.008991584855941311	0.012195902969280385	0.0007853448015172206	0.0008210132950392749	0.0015607805207710074	0.031819012969268416	0.006082970199335547	0.007916547219017281	0.0005824902646482155	0.00018462359760849958	0.0039173815750676326	0.009163521897954512	0.01578586882154551	0.009679530200974928	2.9036223467460883e-05	0.05188272982556201	0.017772860496824208
A[T>G]A	0.0024116837741209106	0.0005392838413270696	0.015589744488158013	1.6028320440700582e-05	0.0005368949118275825	0.001763873251583645	0.0010022255171581796	2.660412820716459e-05	0.002289137281818564	0.052873715245255436	0.0012886100923655268	0.00032787475101290835	0.0009864410177240867	0.0013660243045794922	0.003858017918189127	0.0076559319115711184	0.0014474073586383373	0.00011751109536911038	0.0014335991651214285	0.0014401314261895685	0.006460981349649122	0.0010791564378417448	1.4832385071284461e-05	0.0034667874920072572	0.004864428706965907
A[T>G]C	0.0012778197391528404	0.0015268721713025631	0.008127304537806189	5.494310157229371e-06	0.001018391124747059	0.004226321866922741	5.007891385018883e-05	0.0001303524707680954	0.004699535861306941	0.004870367213687613	0.0004477703516646174	2.593182199650733e-05	0.0004986034600169799	0.0020585923254538632	0.0032793550626248466	2.2298533281252147e-05	9.698803272374814e-06	5.096046417865118e-05	0.001561686931894047	0.00013973085703022846	0.0038421889337592685	0.002187443844059145	4.869551771155288e-07	0.0012730642778840415	0.003940932463051434
A[T>G]G	0.0016076890992789315	0.0014464672112877235	0.006830851467654668	1.1716137731207084e-05	0.0013720946501678964	0.0022431548038904336	0.00047202479284948846	2.504172364427429e-05	0.0038730870442662494	0.0054109985994769405	0.005411441326115007	0.0001887670302740494	0.0014987275010382606	0.00033495846913106716	0.0017217654074674605	0.00014007845042118272	0.001013450271420036	2.1054730811991932e-05	1.906814823046884e-06	0.007232171968512881	0.012098297453842137	0.0009181818624351203	0.00011533430416172551	0.0022911665367962943	0.00884201279856031
A[T>G]T	0.0014323974222815595	0.0007768928686423979	0.015847058835339083	3.541931814899233e-05	0.0006452363428703584	0.061314510046436836	0.00010084558931523123	0.00011945840742428677	0.01124025377071104	0.016297734144716827	0.0012420674942399993	0.00017693395319726032	0.0006646517479264191	0.001912200419126283	0.025844850407987008	0.0010261544406178788	5.231446191822737e-06	0.0007050368600306678	0.018801483893720636	0.00018184605174889848	0.00695965965557759	0.009367855258691042	0.00015647425582872068	0.003754549873813551	0.013713089054092893
C[C>A]A	0.013726148221688257	0.010071867903285184	0.004028207881237597	9.601885307023464e-05	0.018027488691504383	6.050406442902479e-08	0.05496600528928948	0.0002946458703322373	0.0015453033204616284	0.013522841413891378	0.007740211229545261	0.0010460594132272213	0.0016942772366510775	0.000902955670927998	0.002002750045871168	0.001989662890826109	0.08694357694134969	0.003822188360064556	0.0008914978258804194	0.025506860682589377	0.03303413367004108	0.008467803898399445	0.0010550225888918204	0.006000774620014319	0.004157735906266486
C[C>A]C	0.013867804659206263	0.061848046253075474	0.00042708855142504484	7.092933158091889e-05	0.021646595175043016	1.3327957133886557e-05	0.011840945247766509	0.0002415959565875168	0.0030204915570747315	0.003557228279773911	0.008661032431619548	0.0001629055717283475	0.0007601486306565582	1.997544101864698e-05	0.00020718629444265856	0.002476027795707659	0.08965812219733181	0.0028246727853166315	4.995182637422031e-05	0.021253699031369224	0.007394442296600486	0.009434192335102112	0.0011350045693673662	0.00041495190724300565	0.006489482183003431
C[C>A]G	0.0013399397850370105	0.0034600063323353947	4.912303984239611e-07	6.3272761248174755e-06	0.0052359796675368895	3.428358630540751e-07	0.0048741923314196	0.00017753748408211984	0.0001634084861995623	1.89837628008335e-05	0.00023165874312866192	0.00016205347122294242	0.00018458374981102758	0.00021394381890886823	4.438193827410021e-05	0.00025881165340667817	0.020600518864445708	0.0013634637877278926	0.0001312831923624557	4.368216323731576e-06	0.003322865312291193	0.0014783191127743821	3.7057369500736406e-05	0.00542690140177423	0.003165153275091489
C[C>A]T	0.060768857055882086	0.07044639712200687	1.9384951169714284e-06	2.9218792430470252e-05	0.08449191251849797	5.324432658572405e-05	0.03332258985286651	2.2204000000000237e-16	0.004277664427180249	4.530798726672365e-05	0.003927054388345165	2.2204000000000227e-16	0.0019151331857159472	0.0007561870184483264	1.5575499734002906e-05	0.006686085403958579	0.07763782319095787	0.013764455159591515	0.0026201980411640576	0.001222175464428151	0.0011712026675640395	0.1232968351429872	1.115709306439053e-06	0.00021053000303515918	8.587597403223153e-05
C[C>G]A	0.0011439768452883381	0.0004845757932993093	0.00096270051200271	1.852427947219921e-05	6.42228789501845e-06	0.0008495260336725154	0.00039124214337581765	3.9656140609199187e-07	5.9170756359043516e-05	0.006718333049553986	0.0021942646058909004	0.0055722251233241895	0.0004134524733978875	0.00013720691756698034	1.0247899870355047e-05	0.00027496201480464505	0.013396769873790713	0.000123607831773002	0.0005995350374712986	0.0027007782585863572	0.020894331473031567	0.0005923940496158323	2.3246842139361762e-05	0.005160192457015169	0.01416504441480503
C[C>G]C	0.0014596436435047734	0.00047612327525518703	0.00217692932176096	4.844880814015847e-05	0.0004337154816162391	0.0005756210494080575	7.929419136281382e-05	5.89144482226645e-05	0.0002100019832165505	0.001928656711005644	0.0021599580535785826	0.0010630482742854195	0.0006382722122712437	0.00015563089055091708	1.6937797960987753e-05	0.00010999108610796823	0.010881031249686215	0.0005511926586371247	6.866188136165053e-05	0.0033277948531912835	0.019323219577662108	0.000592404723108087	4.389882506050476e-06	0.004617639386201076	0.015549354212189398
C[C>G]G	0.0008198115089431003	4.336209045115264e-05	0.00013764644955434772	2.137221484717024e-06	8.008621977578446e-05	3.4530966053009338e-06	7.35461354937587e-05	0.000251981633826645	1.629724710498442e-05	8.87995499856619e-05	0.00012819205539057825	0.00033213574216793475	0.00036227079575206617	3.1900378208109615e-05	6.295333052139233e-06	0.0001664481648651136	0.003845092890243165	0.0003302318245148092	0.00030446682811025965	4.273650968313015e-05	0.007971695665748959	0.0004341399715265322	3.803002535528084e-05	0.0026111576025268897	0.010564314061699326
C[C>G]T	0.004763411652770103	0.0008374460853866999	0.004472693345997214	4.4533779361349615e-05	0.00014030483343783413	0.0007012174995089317	0.001146314942761447	8.776466071852267e-05	1.3546930684595168e-05	0.013677369150026736	0.0030308008749734537	0.0065448408108457505	0.0007855930954464652	0.00012105716187287204	2.818366042083465e-05	0.00037528174109875706	0.011218774186416378	0.0005429557358935775	0.001724212431833756	0.006818360559992872	0.029754448933655725	0.001048520993148961	3.516090089563836e-06	0.005038829817919777	0.021369870509443004
C[C>T]A	0.03809481659141668	0.033271576752642334	0.01835292741698178	0.017924448284671126	2.2204000000000262e-16	0.0029007011454517595	0.0045456116294722215	0.015004661227635038	4.627848283337361e-05	0.0036662814000711407	0.05231051242793378	0.002297262452711184	0.07535480612727426	2.2204000000000284e-16	0.0009158693583387897	0.00044880082435375525	0.0140200091043708	0.0021596742800532235	0.0009822804588285124	0.0015292688493423199	0.011259553029591848	0.00035122661779990087	0.002164335591786113	0.03582218349901765	0.0032900950787523725
C[C>T]C	0.2076046557109941	0.014295992994608113	0.0009845814533893148	0.10238538140993496	0.005354455999265953	0.0012057517084013516	0.001496702967457098	4.650101089807337e-05	0.0016302297774159027	0.00014416629338155388	0.028272015700282826	4.696414638863202e-05	0.10629704684334176	0.001385350448039537	6.905700045563324e-06	0.0011978099657888755	0.00253035660062953	0.0055455804484682465	1.755163851358715e-05	0.00015397974811153347	0.0003215952029335896	0.00046069155364273517	0.0007465787603510503	0.015075117071967271	0.0010390143734395204
C[C>T]G	0.011067977995843895	0.020137583150132005	0.012398210944358123	0.0008772765580718152	0.02135419308275649	0.002637989996752036	0.006030633399975474	0.002409806888567048	2.8261234929706733e-05	0.002491202905465337	0.0024651599066340393	0.001180495578511184	0.010775916718270728	0.0009217188704485193	0.0013799790679277061	0.0006135106825226484	0.00023286147040731695	0.018840406617372938	0.0013032166297333259	0.0063907091041480535	0.007947208331792941	0.0007887867813865451	0.17703837467269504	0.003408891359289672	0.00891705574154982
C[C>T]T	0.17921200230390194	0.0118056347571277	0.0060869711595287175	0.08514051832165312	0.005155678007033378	0.0004242883656322557	0.0008758431764342175	0.004569700223121701	0.0012878860150841373	9.859649858978536e-05	0.08919768298162742	0.0011170964734223954	0.08706297516416565	7.146377901299725e-05	0.0012420828134439461	0.0010806500929593382	0.009808847190504445	0.002185908899075989	0.00124070557642369	0.009278746319677287	0.0046782917266342434	0.003767171392184228	0.0009488301099853721	0.02487782703784348	0.002623356718860073
C[T>A]A	0.02885169413252368	0.000131419674354972	0.00019324838384533597	3.8349631226738896e-05	0.00040073355084545954	4.959903070599807e-05	1.5149323423268262e-07	7.602920645028055e-05	0.0010307172976005009	0.007886954013792016	5.027436335639386e-05	7.765543261767339e-05	1.3808053162551585e-05	0.000802253843410081	0.00012746515233463986	0.08863671253818471	0.01637336448481913	0.000167131260306817	0.00028185134707016537	0.03383716495719901	0.00037542229260691546	0.0004945554425186593	1.4117551314856804e-07	0.012261904247869592	0.0029152807645493584
C[T>A]C	0.02038260779363017	0.0035755777772110728	0.003383124979700885	8.986352022166405e-05	0.005819370087109621	0.006119483760653279	0.00047047782597711604	6.542016535553754e-05	0.002158190217861516	4.6387728589640004e-05	0.0007639282800262815	8.17112542195391e-05	0.0006410227656494759	0.0014702107496212169	3.857060637582321e-07	0.0003800693689094515	0.009086071149028369	0.00562428860496389	0.02542093610295279	0.04906308230533375	0.005016414032136967	0.0017617652056009156	0.0006888072587542652	0.004999816914568932	0.0045959049028352645
C[T>A]G	0.02891714277067705	0.0012895415801175984	0.0010228469470876193	3.359885376517555e-05	0.00026718619496831914	0.0035699579449297533	4.506687139039087e-06	8.48081090062103e-05	0.0014733431719102842	0.002319245683571871	0.0013993837167947751	0.00010742089856133009	0.00027034829824684737	0.0008127324135610652	0.00012521129491145785	0.00028403040686686084	0.03463247027008852	0.0002147190095804032	0.0013922124526966778	0.03954656130384411	0.006264158872537462	0.000493295526993021	7.404540597782957e-06	0.02146957942895516	0.005115680804337462
C[T>A]T	0.04771233932321825	0.003544005009238546	0.00012070100428885305	5.654220162232494e-05	4.184430186301717e-06	0.03719171590479437	0.002295083951976405	7.014842239711642e-08	2.22040000000003e-16	0.021269904238848496	0.0008739382912242328	0.00020366542069636268	0.0017951494148655113	0.0003860065447940312	0.00021610319468807086	0.04337110961542975	0.008093575482271444	8.015627044815428e-05	0.024729285467670725	0.09076150998951572	0.003624568745858216	0.0018213041027215539	0.002016194957806684	0.003832312330498668	0.003010504445031515
C[T>C]A	0.002518486939809161	0.01014472853858776	8.802231133835643e-05	0.00019015385919675463	0.027961533830620104	0.006757942918114333	0.0009054558226806187	4.531089073563365e-05	0.012514171719238769	0.04188022612602463	0.000951643426803514	0.00012898759955756918	0.0007277459986249214	0.03578265858513435	0.0003789020744708723	0.010095154267476607	0.0047837523486175286	0.005315457884622814	0.005263716251658265	0.015477005473540875	0.00021581499522300922	0.004199092057680524	7.539211435774499e-05	0.050037277059823616	0.0024405303738767713
C[T>C]C	0.005906140668496567	0.00431649447224956	0.004272426802509968	0.0007154217276606213	0.017507782384031348	0.03348587432441345	7.801257765402086e-05	0.00017195848873271169	0.018845567931189657	0.0002550016939189615	0.0018252807118910683	5.8406705338687145e-05	0.00015256562555526556	0.014535273807074969	0.0004893763864347023	0.00017846285195895784	2.9768704103214925e-05	0.00032016147710081986	0.05102761301090573	0.02479164733801029	0.013752316723156422	0.006739873189533272	0.0022908201084725125	0.005118008020305779	0.009645931450416584
C[T>C]G	0.002382793683066439	0.018429261785813254	5.810764010485575e-07	0.00010030569412186221	0.05545146176304702	0.02624715797387137	4.676922016363403e-05	0.00010018097981699878	0.017578160902008453	0.0002322168695849732	0.0017304058650941712	1.2006837984211474e-05	1.4808849067460962e-06	0.03144746782996208	0.00012631099793316517	0.0003803959517691416	0.003821304185607003	0.0008413582815985862	0.01338051350754735	0.008910771019206199	0.00349700135683063	0.0042004921636618715	1.0845347236929742e-06	0.03732310611789196	0.00772586099546228
C[T>C]T	0.017589353465762084	0.00649422653221076	0.0013977527497041145	0.0002020179106511631	0.027814019544979925	0.16242268986196912	0.000717247133349693	5.882632510716204e-06	0.013890741976419787	0.003162972794287157	0.004130271435433517	0.00029073248366783536	0.00587050552797205	0.023882373384286584	0.00019725065361570583	0.011400048437352643	5.1044275734182016e-05	0.00010701451011016464	0.04693051139251882	0.021905286027065644	0.007844055288281684	0.0015973635304501051	0.0023345174273232514	0.02605429422973361	0.007370828191783576
C[T>G]A	0.001944192443381453	0.0014913246161336942	0.0018263858859448672	3.080039088109652e-06	0.0009650261899436822	0.0018622147078436442	0.0006664567175907327	0.00012104874420093484	0.003887505613906865	0.023048925690278967	0.0003742648367983561	1.620855679516828e-05	3.059969794463348e-05	0.00034115397975443813	0.005528140012971129	0.026709057078878242	2.538620246955277e-05	2.396588664664512e-05	0.006252313018984286	0.0005701521017757563	0.005469283472781963	0.0005789358003292131	2.2204000000000195e-16	0.0024427712205162106	0.005526843382059316
C[T>G]C	0.00035757718982451373	0.003605641821700436	0.002947318575716248	1.4215121330565014e-05	0.008550178203869007	2.418305919132563e-06	9.395552124661549e-07	6.474902872982132e-05	0.009443948331180731	0.002920574661871151	0.0005916986957918662	2.2929118630623425e-05	0.0005007140730568808	0.0011934468873949832	0.0016566750791870391	5.2071251166226675e-05	2.1800691436230006e-05	8.922119758976064e-05	0.07996821704652766	0.002109065292763357	0.005993637088345475	0.0011832309496715493	9.010195810423273e-08	0.0024219791160268373	0.005403134749192765
C[T>G]G	0.001555663546829579	0.004880857628212213	0.0015198706419436965	3.141789399747841e-06	0.009449993047128964	0.006544704243927932	0.0002357652311133722	0.00011086581952573418	0.016372019099227034	0.002406831720913602	0.006384166999124747	3.069938969982556e-05	0.0007822353929370782	0.0020375607340550692	0.003825472125694589	0.00028300423730425736	0.003366142919104022	0.00011239096972502043	0.017693594368386262	0.0060148098743390615	0.012145214500423005	0.00039211978381432255	9.685959336249245e-07	0.0036930992163189263	0.011970367773930131
C[T>G]T	2.220400000000027e-16	0.001861367169760252	2.1586434660864725e-05	9.560168150447732e-06	2.6376089260572e-06	0.2867699671667441	3.4057093266609894e-06	5.757298938967721e-07	8.586955133960628e-06	0.001523614409785084	0.00018108970110823145	2.2204000000000227e-16	2.2204000000000318e-16	2.2204000000000284e-16	0.02231819236252584	0.015458255964017209	3.5548930842492745e-05	0.00527927479326019	0.4980599461777329	2.2204000000000291e-16	8.316029326132866e-07	0.00017301006552035794	6.75000651977234e-05	2.2204000000000291e-16	0.012494551045705096
G[C>A]A	0.01718502380168677	0.0016825629373794506	0.002124185979094354	7.432427654829585e-05	0.004290697206054012	0.003573779322969211	0.10946356351771704	0.0004227473035708709	0.0018602821895295349	0.00863532910571415	0.002772991712962936	4.058686000493932e-05	0.000680498780020804	0.0011561048843059098	0.000387016389009467	0.00025619970742252684	0.0030352646973602114	0.0008181987326302269	0.00031921221900051296	0.02478613237622727	0.07484692454421889	0.002834526780745081	0.0006956132095785611	0.0012329296951281176	0.004911727605198089
G[C>A]C	0.05195506812855178	0.012370903679647329	0.0021937842961743804	7.032824827514478e-05	0.0003248982746376057	4.810532279870703e-05	0.015664035574899947	0.0004491283330810422	0.007356537142117086	0.001304798074828812	0.0012003654733201187	3.4585209644625764e-07	2.2204000000000318e-16	0.0002028946379880324	0.0005378162556962994	0.0001359049384973163	0.03192969378232237	0.008248927806645245	0.00029336094385640373	0.02978725157035953	0.01935502964274062	0.011605508425282272	7.161065509442494e-06	0.0029296226221917345	0.009092262935430336
G[C>A]G	0.0004970121535007411	0.0014173700822609151	0.0004821383983906632	3.5025380238231965e-06	0.00043935847696971735	0.00013848870118659404	0.0049524845124579685	0.00011784484637770695	0.0007739752884379272	6.435113164212373e-06	0.0003952298468113216	6.871170504535725e-05	1.1459389827438155e-05	0.00011303608430127373	1.00570715925507e-06	5.095570895543132e-05	0.0130736323448644	0.00130567872547538	2.411728200072423e-05	9.353098202752587e-06	0.00460041346338356	0.0007507358570826469	0.0001504258102655558	0.006736944297120331	0.0012780031508058801
G[C>A]T	0.0009343525955784127	0.008565571234254235	0.0001957678798794344	5.769447231399061e-05	0.009951342090341642	0.0013686871794366027	0.06058975355973002	0.00012897735921907398	0.019078686715784943	0.0014998126585745398	0.0031893271855363906	1.099542388668747e-05	1.7490650864888454e-05	2.2280868630098253e-05	0.002061627154790652	0.00016589775750028648	0.009859371093197669	0.015479397741607453	0.0004186207711066894	0.012512796525442108	0.038637135090376286	0.06659761333521821	2.2204000000000195e-16	0.0009247792098715572	0.004698707456192329
G[C>G]A	0.0022947455684674853	0.0019047421712878078	0.0002544368212394567	2.212542270829817e-05	2.3301460908720206e-05	0.0006781176410431838	0.0006156276515529049	1.2659309551002427e-05	0.001266022003797606	0.0038079454546888062	0.001200780201135659	0.0018064343331630629	0.00010009782209647027	6.625295307591523e-05	0.0003013722160130472	9.94291107466402e-05	0.010887279386294321	0.0004817710990586869	0.0002586082534954736	0.002687028839370597	0.01552837225261424	0.0012696834140286314	8.654088976301004e-05	0.0036057243741904493	0.00934544555701853
G[C>G]C	0.02397917332617785	0.0019653788911977573	7.196875146375097e-05	2.6114811351405827e-05	0.0012110952197299145	2.419497160469782e-06	6.974421807560326e-05	0.0005092534388542894	0.0034701851654512987	0.011760239503683332	0.00014494719385748427	0.00026688535311836166	7.431482047784374e-05	0.0009152498415377052	0.0003813946464239279	2.745643036038161e-05	0.007156021601855201	0.0025794033580751395	0.001357086118133141	0.007079421057369581	0.015384234727417815	0.0010433879610362304	5.5308402943511234e-06	8.897430521854539e-05	0.010661205713518468
G[C>G]G	0.00048512503721194494	0.00023410293267922015	2.5967503962328063e-05	5.9274901898461625e-06	8.134748039751271e-05	4.1098977443572084e-05	3.335452665125989e-05	9.745621833076854e-05	0.00016334510141985075	0.0002259515605393673	0.00020061573227270232	8.128377214685931e-05	0.00018539772146848818	3.586496252916717e-06	8.58949943910772e-06	0.00015846137202557168	0.00399127999031026	0.0003076450745406342	0.0001848727146671025	8.026326949664116e-05	0.003521434395462268	0.00016206957572359462	7.851492294302996e-07	0.0014973214102970867	0.0038710838551864095
G[C>G]T	0.007606312401870492	0.005004187783104612	0.0001399979911133472	2.6685260562671706e-05	0.00015289900520763347	0.00032999241288461217	0.0007363100339371928	3.246321249995698e-05	0.0013734351148398751	0.013501712514389674	0.001469360565980942	0.003350549707784849	0.0002002365773847992	0.00032188966935668375	0.00024964139607197	9.453028914173679e-05	0.006009567233944524	0.00024223929535702518	0.001384501416051683	0.007946742729677473	0.021943481292729338	0.0012939534820787869	2.6210801695035503e-05	1.202515812243095e-06	0.013748269223565706
G[C>T]A	0.01262484597333309	0.09245387812506553	0.005208764769315486	0.02771203113952955	0.010347474610588898	0.001239540818191041	0.003908826302109357	0.0068950163745039785	0.0012321306290418534	0.0008577541993369032	0.028005568406751568	0.0012164591679697304	4.101517101326294e-06	0.008783922716933809	0.004073470054585121	0.0005963502124432621	0.0001621189082987379	0.10618221700341116	0.0007737090690628544	0.02248945651545626	0.009486870154785448	0.01454662627866667	0.006636045098118456	0.02128413282177076	0.003866391723700729
G[C>T]C	0.010028460308536356	0.04327216696920213	1.7155802207090508e-07	0.10030915552540223	0.011606102358480452	2.2204000000000304e-16	8.873956379335497e-06	0.0004237922658174736	0.03741274608663911	3.246593996010035e-06	0.00413539757613791	0.00019998366397204785	0.013624158798207898	0.021092264213096217	0.012913347801667922	0.0002642094398393745	0.001652940450173953	0.1744058125441155	2.419733304124208e-06	0.0027882743718939287	0.0013243549929865632	0.048842487257893516	0.0008220929971386653	0.0031335301829417627	0.0012644877677436069
G[C>T]G	2.220400000000027e-16	0.005190085324728093	1.3254527880630215e-05	0.001761013858076804	0.016965821848253453	1.7890891060427273e-05	3.941874916192194e-06	1.8659265723041974e-05	0.09622394249249794	1.9850820777764e-06	2.2204000000000291e-16	2.4188089151394325e-06	0.00022330798999892988	2.2204000000000284e-16	0.013617122048929179	4.397426904338608e-08	2.2204000000000323e-16	0.21683846023314446	8.3824286516406e-06	1.222263269567773e-06	2.220400000000033e-16	0.09782240847747822	0.19967585097573065	1.297585987290892e-13	6.0982145976985755e-05
G[C>T]T	0.004614121746144236	0.04992367332386799	0.001442685812571843	0.08802859608232905	0.0035967068068678064	0.000180645795799197	0.0008155619500505763	0.001731411612714692	0.027386022468208704	0.003422914862145964	0.0555498891446425	0.0006199939448264602	0.009884202859954736	0.013844848771185442	0.022003523276970145	0.00010354611064913708	0.0018542668628076407	0.10800896206811156	0.0007807368887383176	0.010011296940557631	0.0022849921829678444	0.03432144046435814	0.0036108914673913532	0.003748426844453636	0.0009599904418105664
G[T>A]A	8.394560939835999e-05	0.0013767034050795695	0.0025437109884631	9.351675105651472e-06	3.5642779160586404e-06	9.070000740514412e-05	3.290413854103297e-09	0.0001436997048506249	0.002492386903160326	0.000102491723171831	0.004428146390702037	1.0775345269299367e-05	0.00029641674949631785	0.004517321186569743	1.2557620803746002e-05	0.0733823960302336	0.012049619958012785	0.0010075142415818218	1.2558174634159033e-05	0.005922504680473202	0.0033563338293091088	0.00015170054535629024	8.576560008014069e-07	0.009550907316330392	0.0035473416585670757
G[T>A]C	0.0018111786873342395	0.0030778053375388427	0.006258748163006622	6.391086294915357e-05	0.00012666354832429054	0.0022507354806605203	0.00010977189566872823	6.334924127763541e-05	0.00653604310686203	0.00011692481766656509	0.002054546126943585	8.009731925066935e-05	0.0002961724079026133	0.006250032539590662	5.106975724120272e-07	0.0001702243639865039	0.0038461959432887632	0.013454053935781526	0.002667826059342901	0.014104328590368738	0.004141492013887054	0.0013637612975487905	6.493937775592414e-05	0.0012685848881399814	0.003624936123806025
G[T>A]G	1.3089764877202202e-05	0.0021319298488826576	0.002565732635898573	2.8051588532971767e-05	0.003278347223318122	0.0008201883590262075	6.658376386218121e-06	7.492825570558858e-05	0.0014794727420083752	0.0008823047715601377	0.007164027176145819	4.067045433975038e-05	0.0006426878747690158	0.0028109937444868328	2.4270472724154967e-07	0.0001416243394622115	0.01631189478852578	0.0017188751296273715	0.000308476866058792	0.009327769451650992	0.007458171587950651	0.00018770854362095345	0.00028097566652586194	0.013724781886066977	0.00489162610092581
G[T>A]T	5.8548253307440045e-06	0.007207371076817875	0.013093967798365023	6.927000450398213e-05	0.001851215388706654	0.008350555490210484	0.0004922056035933974	0.00012223317291424888	0.0005346539545249499	0.00020465824633110341	0.005662259144721639	4.507840694674433e-05	0.0011672481654935428	0.003011114604225248	9.954777979511872e-05	0.01869870050458365	0.005797216294000765	0.002424680903557685	0.0028836711970659052	0.02325573548758944	0.008342550858759516	0.001958253007624545	0.0005027062298509177	0.002864055427258517	0.0061278493459371785
G[T>C]A	0.0005249698291086202	0.0020764509782719414	0.0008856799028156496	0.0009398436729069273	0.026772730258709455	2.2204000000000304e-16	3.6548062618480725e-07	2.6843547363838086e-05	0.045587044500287714	0.01777432181564878	0.0007414572004102766	7.047293531927872e-05	8.894761394562077e-07	0.15926450677563175	0.02145126739379249	0.008714585432316138	0.004496221328975323	0.01693531003106456	0.00020098069035205063	2.3079059569952443e-05	1.5712770913055646e-05	0.032840724571681	0.004324953024154457	0.02415393210239433	0.0006323991090239272
G[T>C]C	0.011765915591914864	0.0010650867761579166	0.00020119341672020734	0.0010506949716733358	2.263781045827276e-05	0.005454337026125414	3.810910548367583e-05	1.3284871388877217e-06	0.13133468307121635	0.00010774870332510841	0.0006370880011321053	5.5770346655450284e-06	1.2672845371656786e-06	0.03983674512577737	0.02276491782701232	5.795454710958829e-05	0.0001646432928927661	0.01499779930954139	0.005320790044318941	0.005344888688531355	0.002565781298388509	0.018996349327162872	0.00489963715345746	0.00033061395883647235	0.0024136868201856073
G[T>C]G	4.036888470282083e-06	0.007274256971192469	4.684054807190709e-06	0.0007324170794042683	0.03829654283601988	0.004165119742305625	2.993320472633612e-06	5.8104397007426965e-05	0.04298079159210372	0.0001216771322851228	0.004025619770075689	0.0002014672392226437	1.6393304415002233e-05	0.0712725925421419	0.006748755684925428	0.00016401293909549551	0.0020713796925668905	0.0018692267581519953	0.0025667873182553904	7.905040762909042e-07	0.0025605400168728022	0.01827568681799559	0.0012326729454389801	0.02183730179502027	0.005023748205893071
G[T>C]T	0.001710069090436753	0.001922509298523405	0.026471370565537326	0.0005457351843645074	0.011906050377579757	0.012843292346858791	1.8648525390852962e-06	5.124883517919051e-05	0.029696536446690614	0.002918624638359419	0.0008324876151939263	8.648813357762165e-05	0.013063516723218095	0.1119424106244825	0.021424597880598792	0.004432620114627164	0.0014207099398921995	0.0013698363825820064	0.003380842019470395	0.0014074567485054595	0.008068613207422564	0.02562463112554561	0.0048389253364465755	0.005017403762874727	0.008129684149524495
G[T>G]A	0.0008598803669670269	0.0003221291619727451	0.002408087010532019	1.3776693968158786e-05	3.5616810239949867e-06	0.0007870490556614834	0.00024349522171403755	3.3339138291680645e-05	0.005898203172689325	0.007993778045176229	0.0007532687656642633	6.968599995474445e-05	9.794164747600044e-05	0.0005171836224901979	0.002624143830325353	0.01679690308801375	0.00042307491016024	3.2083626091854907e-06	0.0008024498012007945	0.0013439712652199252	0.005025828569941411	0.0003949220651106948	1.2850528426805055e-05	0.00013109531057582663	0.004611947263617971
G[T>G]C	0.00489808013248447	0.0007043832081830974	0.0012228307057703279	1.7071096992504346e-05	1.1095559969755e-05	0.0014877774902806462	6.290751280091688e-07	3.1061220275397416e-05	0.021986528594287468	0.002764306731780207	9.547354331996096e-05	3.4216099589650605e-05	0.00015696707597762137	0.0007747941296362954	0.003526881659551593	1.051864600844593e-05	4.549759732673661e-06	3.858218458124221e-05	0.013096531818857931	0.0020961123518363823	0.0029258717922888327	0.001561194555682187	4.0779488795204816e-05	2.9191452304584447e-05	0.0030777577805690317
G[T>G]G	0.0005395379217346861	0.0010292023802807553	0.0007936303047122383	1.8531600992196258e-06	0.001888313830611952	0.0017689329032027977	0.0004773121691357197	5.81555413198702e-05	0.023358787952327483	0.0015436172146541935	0.0061337196708123425	3.416033456453872e-05	0.0015522893716166065	0.00013918312230021057	0.0020512089143524524	0.00010073471578052645	0.0019353476762851859	5.519098099314575e-05	0.002823843054806755	0.0076832858050354174	0.01052466282392256	0.00035823130241459714	0.00046330770310333585	0.0010971981755978474	0.008420717128508516
G[T>G]T	0.0006421477281773518	0.00012080294176115632	2.316168407565528e-05	4.51047156577627e-07	0.003999875586706994	0.06742375523453956	7.1689979962081e-05	2.075375858284861e-07	0.1049315291551016	0.0008384977129818689	0.0010473190526707917	2.167401745299071e-05	0.0016113097228057885	0.00030336637223878906	0.007224970061514597	0.00571858772852875	0.00048572931232487615	0.0028508127856410014	0.10204010526328676	7.379640362565444e-06	0.001878571487370096	0.00010240404678918764	0.0006498035666273523	5.9262672791179176e-05	0.006380290228797672
T[C>A]A	0.0009439128285195678	0.004879781874335075	0.011755571445972177	1.227387377960042e-05	9.379903174449974e-05	0.0015747360914778775	0.1776839488064424	0.007605880482958639	0.001231664509247136	0.012371256419102951	0.006056047742894051	0.0411118496593764	0.0009424513619981926	9.68658584492227e-05	0.03494672773300759	0.0009146249367015652	0.02321256171849399	8.756518298659882e-05	0.0020533297793543857	0.008155063612731155	0.00691490677862866	0.0054133515084903395	5.028039377887284e-06	0.01302405860418357	0.04422298300528078
T[C>A]C	0.007904437586159184	0.012469386695978787	0.01088825479309622	0.00013309473896278723	0.00010218567874339922	0.00037169251124259504	0.0840159271321482	0.0037894901877932406	1.3674692800269225e-06	0.00024065282645519985	0.002815791012898216	0.014419445554858069	0.002729660415264521	7.122550185368473e-07	0.0035582358956078187	0.0004740582025314418	0.044189948016554785	0.0025734099244681024	0.0008767340411577072	0.02558992310353361	0.011171919966020906	0.017304158684914448	0.0006667645111930245	0.012339847187813693	0.025079125599093418
T[C>A]G	0.00013423635117319494	0.0008334485271570602	0.0017762470664727113	5.587603757490005e-06	2.5702117895137804e-05	0.00017193171926640954	0.014653599877436243	0.0006566995183634781	7.169155006749183e-05	8.156286091212868e-06	0.0003862085994321353	0.003479867413084995	7.821886499131031e-05	6.728430778983115e-05	0.0007177332594836402	1.1828529744284418e-05	0.006212798196291453	0.00012809514483288806	9.550885036311623e-05	1.8733508554183187e-08	0.0029729764138164	0.00027872775732043443	0.00035596025050301503	0.005963169733199781	0.003942972647686881
T[C>A]T	0.00014543584127501107	0.008885988687181708	0.0002080849860975102	5.378034162929882e-05	0.00017270440786743002	0.003761121961398883	0.2518621278493498	0.0026581675293817263	2.22040000000003e-16	0.0006227157025817205	0.0006674831215112961	0.01860167139743307	0.0009938595165975388	0.0005389007263067597	0.2716297699449582	0.0010849253220391651	1.5226398419697095e-05	0.0018388974691495926	1.7425142186221422e-05	0.016358119177045428	0.014291682474598147	0.13739731250004095	0.003939522128555913	0.007161413775155106	0.027917214472839874
T[C>G]A	0.0019775486489566857	0.00026130632541658706	0.0018442624792312284	5.434576752405127e-06	0.0002899813934851327	0.0019769644869092697	0.00019105683634277351	0.003839788479414433	3.4000965092013676e-05	0.0016765365808315794	0.00046160328110460643	0.32323327075515257	5.539804571441122e-05	8.458144985600845e-05	7.865245632867064e-05	0.00040835171877257937	0.008818714561981043	9.98663481495308e-06	0.00014652541975686354	0.00229737439635947	0.005421369827788161	0.0025331273223754827	4.895714572217399e-07	0.005544778895328349	0.06946083342455485
T[C>G]C	0.000580548288415324	0.0009269884200833623	0.003962141166668676	6.64955257813481e-05	3.6130445395919095e-05	0.00119096358934471	0.0006417567658699851	1.2686152785232594e-05	0.0003886849440496987	0.003308382996140265	0.0028743622748325605	0.061032206529432365	0.0013328152570873447	0.0003357988882383836	9.777719899993084e-05	0.0005873676513588819	0.010584382481412595	0.0005702859982668777	0.0002093207607112246	0.00549324411757435	0.024728902202641883	0.00140849475152936	5.4766043111441365e-08	0.006102106419941513	0.03267089618459968
T[C>G]G	0.0003775275132223984	2.9241325535746373e-05	2.514846447963573e-05	3.799888516374111e-07	1.4396526918095532e-05	0.00011299793483283999	3.1232966013405785e-05	3.1926782996170763e-06	4.554008685560501e-05	0.0004076143678986168	0.0001925032006695577	0.014389674237279982	0.00019441987491696942	3.0672451672149064e-05	7.989637607776543e-06	6.474527288032602e-05	0.00220889498418456	5.6287593353002465e-05	0.00030538961699528964	5.933356511486713e-05	0.004176008822407661	0.000261240905478628	1.5714029101846247e-05	0.0013677331073682587	0.007569519949850759
T[C>G]T	0.010026571698167073	0.0008513039748599632	0.003518626379864858	2.2933514737859064e-06	0.005219987525878531	4.042558370988415e-06	0.0030044944913014773	0.01174674139251515	0.0015957575763074663	0.05306911715775271	0.0009855076863917167	0.3850026507806716	0.00016974312188828557	7.192690891627803e-05	3.0333281714934882e-06	0.0005962718645152753	0.007292529157858606	0.00022215686813243063	0.009727945585850929	0.014761203065024715	0.017564070803045426	0.009837372765189593	0.00029813984977900633	6.712273428913976e-05	0.14759935642670294
T[C>T]A	0.0004454626139360223	0.02889656113616255	0.003292181867178891	0.016817906924810343	0.0012900354961970233	0.00454573364697736	0.0016933625514871887	0.5024667818462347	0.0001889547260567113	0.00352738164838088	0.00574692495224172	0.0664637244324832	0.0977793571206359	0.001804119649069964	0.001029809692624032	0.0011775527442641205	0.015473577935558112	0.008117521090555798	0.0005566999595903257	3.989846479635312e-05	0.0029017848721222712	0.005699701505652542	0.00018371822203538745	0.017901721216257185	0.030819935108118618
T[C>T]C	0.0021709525429207907	0.001062240760856641	0.000320549004982102	0.1396151397307025	0.007968368216346515	0.0010400735165475732	0.0022150406074517557	0.08950525598914351	0.00017696134284074096	0.010384655856388996	0.004071671789954843	0.004947502244453859	0.29231682112135216	0.004452828837347644	0.0174492003737376	0.00019749340172887638	0.007713376835695195	0.003283243871329561	0.0017708580435676872	0.011766210236754357	0.006599823877724721	0.0065512473511200545	5.003038790306321e-07	0.00021001160092652118	0.0030653609438483285
T[C>T]G	0.00015733314211052618	0.009565335917048732	2.5899895835496484e-06	0.00012723542490513732	2.2204000000000262e-16	7.509566834752027e-05	0.0011268503678418806	0.04123361189030783	0.0008064573188562249	3.905858936294053e-07	0.002535374481398077	0.011047403320788155	0.04645647912592173	0.0026465844069208056	0.11699323790835768	1.1647145201789107e-05	2.2204000000000323e-16	0.00021691088103268068	0.00018310657628614705	0.002565928103932381	2.8697606888160748e-05	0.004104421193395711	0.1296322675861497	2.2204000000000291e-16	0.0022925979840126213
T[C>T]T	0.00977395582766798	0.001857234167318239	0.0031994763143742932	0.1348883580296281	0.004165507500028753	0.004821026843163281	0.0032338427522650517	0.2885033402210869	0.003772001678686074	0.00849874115666645	0.06117346554740735	0.0067798092848419395	0.11037378462809416	0.0023205492336611177	0.044439663415890375	0.0012922126316570026	0.012851746060955715	0.00797146529910771	0.0010831306232061927	0.014860362218965174	0.006054225823824702	0.007275258149480591	0.0027333197048294857	0.004785905270752071	0.015744214146837646
T[T>A]A	0.007665335088017075	3.5411164140129355e-05	0.0511422394877834	9.162603783566535e-05	0.023050002830749188	0.0029227371201970467	0.008539634964713348	0.00039658525746081897	0.000309121711165708	0.019515485507237182	0.00027439553977361966	0.00044636878933292454	0.0007143355078187398	0.0025319465778814746	0.0014447005395827888	0.2591887221952335	0.002389351002339216	0.010252322806521654	0.004749854756728821	2.564445980281043e-05	0.007607295391379242	0.0005913823693846598	0.0024260417004856863	0.0018951441716378	0.007011475477834901
T[T>A]C	1.0120848979702452e-05	0.0017551822837053054	0.016272097321203452	5.3604778503526135e-06	2.642512170812261e-05	0.00310337545493602	0.0001471825134048223	9.26669106754164e-05	0.0030142220533181203	0.004252745223326121	0.002829157498754	9.925376120968356e-05	0.00261447078109899	0.003625895022982123	0.00039752731592176965	0.00029544869571497247	0.005071831229747296	0.005492027420832716	1.7495467743680938e-06	0.019468179117326997	0.008541611558533974	0.0018434338962715984	9.447703971163343e-06	0.004476601111241771	0.006300335137734485
T[T>A]G	0.000273705037392098	0.0007892256964908522	0.0075239786487029375	6.201379244837398e-06	0.0009225538783189817	0.0011705742911544575	0.00013216655443118404	0.00012191504242083089	0.0012652468114274652	0.008337717779987389	0.0034706673242090994	3.4051011504778585e-05	0.0014181342642032991	0.0005422755078733867	0.0005636785859687303	0.00039417280241619385	0.012749901705744809	2.189624183811567e-05	2.2204000000000262e-16	0.010796502807984144	0.00592084632650387	0.0003495393191744127	0.00011541644923196121	0.015482518695535056	0.00376788384525061
T[T>A]T	9.646947816219858e-05	0.0013727750792903606	0.04921429629301399	4.341236555474705e-06	0.032513985498025484	0.012169621627377388	0.0012453537162712787	1.7877927703935454e-07	0.001936851498732828	0.015613314099130348	0.009901569932749505	1.8900109123108253e-05	0.016249987497935436	1.4645486404496046e-06	0.003542765663908313	0.1427678514212126	0.003061492579232164	0.0011766479848877914	0.00044972438655779015	0.02659980929942829	0.00812948289935712	0.004199827848341075	3.6004822238882114e-05	0.0001401983014285777	0.011457617163898166
T[T>C]A	3.553017152796892e-05	0.014290687726976819	0.004951137476870301	2.3355345944872043e-06	0.01908611077058122	0.005282234986163961	0.0016302625676786323	0.0002339244819038892	2.22040000000003e-16	0.10633781805495984	0.0025305559791408373	4.632539309467158e-05	0.0049715886024951144	0.08768526674768587	0.009392493614812937	0.02068107988447644	0.0015954130486801356	0.01317119375843042	2.2204000000000262e-16	0.010658019834424094	0.001724803672946026	0.013734584313845184	0.003929762088765936	0.040560168674419625	0.0011771886135337687
T[T>C]C	0.0026691512083758897	0.00343790359821261	0.017036646405906058	0.00037215784356318466	0.0312492112913692	0.009971373410777223	0.0005811736418337289	0.00019470787946913133	0.08421502781187955	0.015273903406222348	0.0028626105931076405	0.000131561255029093	0.0015947514265966824	0.03498766094507843	0.008942977927649018	0.0005929352603357822	0.0003920881021983153	0.01555862141276159	2.2204000000000262e-16	0.0066154619414227215	0.009553459268045005	0.010183602349666676	0.004635136965522714	0.00018446679811303944	0.008520379272088655
T[T>C]G	0.00017340894730875694	0.01141485901162215	0.0009037505152410852	7.078322233150298e-06	0.0319826101145626	0.005451630161530265	0.000799597122010651	1.843529848733336e-05	0.0058909864437917715	0.0147874541171776	0.002019107774904223	0.0004754913455638883	0.002403281194420236	0.03051526002891243	0.003721601375289064	4.1464754530030295e-05	0.0002302136303013872	0.002423958284526421	2.2204000000000262e-16	0.0019400957771475579	0.004121188087932671	0.007807580664711339	0.0032205166309198013	0.03220373148499045	0.006074604519240781
T[T>C]T	0.0044874416383887065	0.007968411265595965	0.05582856599282452	7.533662124814552e-05	0.0903512157618162	0.01823196256818057	0.0003845062433094721	4.673632362927225e-05	0.017561270482390326	0.023151991407146317	0.0030286760303254155	0.0003351241286394342	0.005440859604699531	0.04585224351671583	0.009374308084226186	0.019085764166198397	8.799833571452874e-06	0.01576508773870107	0.00011428375351196421	8.481831040915766e-05	0.0032437879068570124	0.01074033084370807	0.002235688578455777	0.01667021345424172	0.01066485029636849
T[T>G]A	0.0018905440269648321	0.0003080719570137541	0.0035108881575652176	1.5688335066380843e-05	2.26610695641426e-05	0.002178527569954618	0.0005171726403051034	0.00026443641716971766	0.0012650281626364428	0.0947544951787386	5.842982084408279e-05	1.5879211703142357e-05	0.0007050685973578772	0.00025275826926075845	0.01828886568923117	0.04427813182034007	5.10077902561873e-05	2.3035051634837857e-06	0.004071807910790583	0.00015809813805152718	0.008140952078873684	0.001834543477784905	2.2204000000000195e-16	0.0005029082544772544	0.00716731702391836
T[T>G]C	0.001038567298095392	0.0007844501905129224	0.006872140917372908	1.179972329861273e-06	0.0005002659005297592	0.007490233738488723	4.020049335956422e-05	9.667247916509962e-05	0.0041989449207230425	0.02097599044541313	0.0008394682034527631	2.3828969574500117e-05	0.0017036279648857872	0.0007622427351477119	0.011994360724705605	0.0001413666986363046	0.00015615695891092106	0.000558577147486566	0.0006911804243476725	0.002064089904523332	0.007943015467071574	0.0023781966277610753	1.009696249223344e-06	0.0010800051540678837	0.008390913454043351
T[T>G]G	0.003427770119017556	0.0004458399188277627	0.005390485806932142	4.958730805388072e-06	0.01078379771685001	0.0050774053516419474	0.0008529234732975621	8.894581328060384e-05	0.00533751708600452	0.018881153887361557	0.005299254172032034	8.687470068341341e-05	0.0010809746350353671	4.44987992443162e-05	0.0034771907372697143	0.0007441455685315111	0.0019951197057333906	0.0014781943630032958	6.2226230386964215e-06	0.007777326026328466	0.013593157842736705	0.0006606576795623856	4.897609374442051e-05	0.0027301075840021178	0.010919583264293865
T[T>G]T	0.0017520316254424724	0.0002690611830375852	0.02682625024047209	9.63978367158024e-06	0.028226653390606107	0.11864490846211102	2.2204000000000252e-16	1.3168356769922148e-08	0.023231269216883958	0.07632236561158988	1.48571106890055e-05	2.2204000000000227e-16	0.002136697592965427	6.481777640490046e-07	0.17845477144470162	0.032935374144663784	0.00030959726711382867	0.008328643691521028	0.0001238398405862547	1.1500994113130333e-05	0.0035677940961726796	0.006637472052293981	3.959725269862321e-05	8.155063087359787e-05	0.029906494012053093
