Samples	SBS1	SBS2	SBS4	SBS5	SBS7a	SBS7b	SBS7c	SBS7d	SBS8	SBS10a	SBS10b	SBS13	SBS17a	SBS17b	SBS18	SBS26	SBS30	SBS31	SBS32	SBS35	SBS39	SBS44	SBS47	SBS55	SBS85	SBS88	SBS89	SBS93	SBS288S	SBS288U
POG_11004	2155	0	0	3036	0	0	0	0	0	0	0	0	0	781	2938	0	0	0	0	0	0	0	0	0	0	0	3668	0	0	0
POG_11307	432	0	0	2646	0	0	0	0	1070	0	0	0	0	0	0	0	0	0	0	0	0	0	0	0	0	0	0	0	0	0
POG_11698	0	0	0	0	144775	235475	33812	0	0	0	0	0	0	0	0	0	0	0	0	0	0	0	0	0	0	0	0	0	0	0
POG_12255	223	0	837	98	0	0	0	0	0	0	0	0	0	0	0	0	0	1557	0	0	0	503	0	0	0	0	0	0	0	0
POG_13009	226	0	0	1740	0	0	0	0	0	0	0	0	0	0	0	0	0	0	0	0	0	0	0	0	437	0	0	0	0	0
POG_13261	444	165	0	848	0	306	0	0	0	0	0	104	0	0	1718	0	0	0	0	0	453	365	0	0	0	0	0	0	0	0
POG_13268	833	446	1999	3638	0	0	0	0	0	554	0	360	0	0	0	0	0	0	0	0	0	0	0	0	0	0	0	0	0	0
POG_13269	2185	486	0	3850	0	0	0	0	0	0	0	586	0	457	1885	0	0	0	0	0	0	0	0	0	1354	0	0	0	0	0
POG_13577	374	10195	0	4851	0	0	0	0	0	0	0	6250	0	0	0	0	0	0	0	0	0	0	0	0	0	0	0	0	0	0
POG_13764	372	1506	0	1165	0	0	0	0	0	0	0	3278	0	0	0	0	0	0	0	0	0	0	0	0	0	0	0	0	0	0
POG_13904	971	377	0	1844	0	0	0	0	0	0	0	346	180	917	1110	0	0	0	0	0	0	0	0	0	0	0	0	0	0	0
POG_13931	188	0	0	1274	0	0	0	0	0	0	0	0	0	0	1400	0	0	0	0	0	0	0	0	0	0	0	0	0	0	0
POG_13947	1000	0	0	5378	0	0	0	0	7435	0	0	781	690	1215	0	0	0	0	0	0	0	0	0	0	0	0	0	0	0	0
POG_14231	279	0	0	1951	0	0	0	0	0	0	0	217	0	0	0	0	0	0	0	0	0	0	0	0	0	0	0	0	0	0
POG_14232	2989	0	0	5094	0	0	0	0	0	0	0	0	0	0	2716	0	0	0	0	0	0	0	0	0	0	0	0	0	0	0
POG_14446	485	0	0	859	0	0	0	0	0	0	0	0	0	0	0	0	0	0	0	0	0	0	0	0	0	0	0	0	0	0
POG_14498	670	0	0	5113	0	0	0	0	0	0	0	0	0	0	0	0	0	0	0	4229	0	0	0	0	0	0	0	0	0	0
POG_14519	237	0	0	1284	0	0	0	0	1052	0	0	0	0	0	0	0	0	0	0	0	0	0	0	0	0	0	0	0	0	0
POG_14891	361	0	35158	9580	0	0	0	0	0	0	0	0	0	0	0	0	0	0	0	0	0	0	0	0	0	0	0	0	0	0
POG_15122	217	1161	0	1319	0	0	0	0	0	0	0	513	0	0	0	0	0	0	0	0	0	0	0	0	0	0	0	0	0	0
POG_15123	348	0	13635	6109	0	0	0	0	0	0	0	0	0	0	0	0	0	0	0	0	0	0	0	0	0	0	0	0	0	0
POG_15148	37	384	8742	13430	0	0	0	0	0	0	0	1088	0	0	0	0	0	0	0	0	0	0	0	0	0	0	0	0	0	0
POG_15227	407	178	673	2699	0	0	0	0	0	0	0	331	0	0	0	0	0	0	0	0	0	0	0	0	0	0	0	0	0	0
POG_15268	157	0	0	1131	0	0	0	0	0	0	0	0	0	0	0	0	0	0	0	0	0	0	0	0	0	0	0	0	0	0
POG_15844	840	9285	0	5248	0	0	0	0	0	0	0	10611	0	0	0	0	0	0	0	0	0	0	0	0	0	0	0	0	0	0
POG_16385	472	482	0	1915	0	0	0	0	834	0	0	339	0	0	0	0	0	0	0	0	0	0	0	0	0	0	0	0	0	0
POG_16500	272	207	0	1915	0	0	0	0	488	0	0	220	0	0	0	0	0	0	0	0	0	0	0	0	0	0	0	0	0	0
POG_16501	398	452	0	4672	0	0	0	0	0	0	0	1975	0	0	0	0	0	0	0	0	3373	0	0	0	0	0	0	0	0	0
POG_16689	411	0	0	2003	0	0	0	0	5160	0	0	0	0	0	0	0	0	5718	0	0	3357	0	0	0	0	0	0	0	0	0
POG_16949	594	0	0	2247	0	0	0	0	0	0	0	0	0	0	0	0	0	866	0	1676	0	0	0	0	0	0	0	0	0	0
POG_17284	42	33	0	334	0	0	0	0	0	0	0	0	0	0	94	0	0	0	0	0	0	0	0	0	0	0	0	0	0	0
POG_17557	407	0	8380	19152	0	0	0	0	0	0	0	0	0	0	0	0	0	0	0	0	0	0	0	0	0	0	0	0	0	0
POG_17584	321	2853	0	1975	0	0	0	0	0	0	0	2808	0	0	0	0	0	0	0	0	0	0	0	0	0	0	0	0	0	0
POG_17827	4052	0	0	10209	0	0	0	0	0	0	0	0	0	0	0	2700	0	0	0	0	0	13937	0	0	0	0	0	0	0	0
POG_18153	504	0	0	2764	0	0	0	0	0	0	0	0	0	0	0	782	0	0	0	0	0	0	0	0	0	0	0	0	0	0
POG_18154	251	274	0	2587	0	0	0	0	2550	0	0	314	210	315	0	0	0	0	0	0	1421	0	0	0	0	0	0	0	0	0
POG_18228	560	1330	0	3538	0	0	0	0	1546	0	0	1280	0	0	0	0	0	0	0	0	0	0	0	0	0	0	0	0	0	0
POG_18568	174	81	0	756	0	0	0	0	384	0	0	117	0	0	0	0	208	0	0	0	0	0	0	0	0	0	0	0	0	0
POG_18624	229	174	0	2475	0	0	0	0	0	0	0	295	0	0	584	0	0	0	0	0	0	0	0	0	0	0	0	831	0	0
POG_18625	417	240	0	3486	0	0	0	0	0	0	0	0	0	0	961	0	0	0	0	0	0	0	0	0	0	0	0	0	0	0
POG_18650	120	82	0	741	0	0	0	0	0	0	0	51	0	0	0	0	0	0	0	0	0	0	0	0	0	0	0	0	0	0
POG_18843	135	404	0	4480	0	0	0	0	0	0	0	759	0	0	2215	0	0	0	0	0	0	0	0	0	0	0	0	0	0	0
POG_18844	12694	0	0	1375	0	0	0	0	0	0	0	0	0	0	0	0	0	0	0	0	0	0	0	0	0	0	0	0	0	0
POG_18880	479	436	0	3264	0	0	0	0	0	0	0	459	0	315	855	0	0	0	0	0	0	0	0	0	0	0	0	0	0	0
POG_19512	534	636	0	1654	0	0	0	0	0	0	0	192	90	226	673	0	0	0	0	0	0	0	0	0	0	0	0	0	0	0
POG_19652	685	166	0	4577	0	0	0	0	2509	0	0	513	0	0	0	0	0	0	0	0	0	0	0	0	0	0	0	0	0	0
POG_19661	686	3198	0	3025	0	0	0	0	0	0	0	1529	0	0	0	0	0	0	0	0	0	0	0	0	0	0	0	0	0	0
POG_19843	505	4965	0	17749	0	0	0	0	0	0	0	0	5695	12169	0	0	0	0	0	0	0	0	0	0	0	0	0	0	0	0
POG_20034	501	1185	0	7343	0	0	0	0	5378	0	0	1902	0	0	0	0	0	0	0	0	0	0	0	0	0	0	0	0	0	0
POG_20115	848	2886	0	6161	0	0	0	0	0	0	0	3307	0	0	0	0	0	0	0	0	0	0	0	0	0	0	0	0	0	0
POG_20600	442	0	1073	1781	0	0	0	0	0	0	0	0	0	0	0	683	0	3414	0	0	0	0	0	0	0	0	0	0	0	0
POG_20794	542	693	0	5318	0	0	0	0	4558	0	0	1216	0	0	0	0	0	0	0	0	0	0	0	0	0	0	0	0	0	0
POG_20800	361	0	0	2210	0	0	0	0	0	0	0	0	0	0	0	0	0	0	0	0	0	0	0	0	0	0	0	0	0	0
POG_20801	409	0	0	5393	0	0	0	0	4213	0	0	0	0	0	0	0	0	0	0	0	3229	0	0	0	0	0	0	0	0	0
POG_21098	371	141	0	2380	0	0	0	0	625	0	0	87	0	0	0	0	0	0	0	0	0	0	0	0	0	0	0	0	0	0
POG_21186	181	0	0	1613	0	0	0	0	732	0	0	0	0	0	0	0	0	0	0	0	0	0	0	0	0	0	0	0	0	0
POG_21188	195	0	0	574	0	0	0	0	0	0	0	0	0	0	304	0	0	620	0	570	0	0	0	0	0	0	0	0	0	0
POG_21347	301	157	0	1931	0	0	0	0	0	0	0	76	0	0	561	0	0	0	0	0	0	0	0	0	0	0	0	0	0	0
POG_21392	542	0	0	4191	0	0	0	0	0	0	0	0	0	0	1566	0	0	0	0	2855	0	0	0	0	0	0	0	0	0	0
POG_21404	347	0	0	1216	0	0	0	0	0	0	0	0	0	0	818	0	0	0	0	0	0	0	0	0	0	0	0	0	0	0
POG_21516	379	0	0	0	22278	5077	0	1369	0	0	0	0	0	0	0	0	0	0	0	0	0	0	0	0	0	0	0	0	0	0
POG_21720	615	0	0	2692	413	0	218	0	0	0	0	414	0	0	753	0	0	0	0	0	0	0	0	0	0	0	0	0	0	0
POG_21721	756	0	0	1654	0	0	0	0	597	0	0	0	0	0	0	0	0	0	0	0	0	0	0	0	0	0	0	0	0	0
POG_21774	261	696	0	4816	0	0	0	0	3282	0	0	913	0	0	0	0	0	0	0	0	3206	0	0	0	0	0	0	0	0	0
POG_21932	2313	0	0	4685	0	0	0	0	0	0	0	0	0	0	3154	0	0	0	0	0	0	0	0	0	0	0	0	0	0	0
POG_21933	500	2101	0	2948	0	0	0	0	0	0	0	2805	0	0	0	0	0	0	0	0	0	0	0	0	0	0	0	0	0	0
POG_22186	452	0	0	5371	0	0	0	0	0	0	0	0	0	0	2838	0	0	0	0	3999	0	0	0	0	0	0	0	0	0	0
POG_22244	351	0	0	1384	0	0	0	0	0	0	0	0	0	0	1131	0	614	0	0	0	1314	0	0	0	658	0	0	1084	0	0
POG_22254	182	898	0	3360	0	0	0	0	1962	0	0	2473	0	0	0	0	0	0	0	0	0	0	0	0	0	0	0	0	0	0
POG_22256	565	1802	0	6446	0	0	0	0	0	0	0	4632	0	0	0	0	0	0	0	0	0	0	0	0	0	0	0	0	0	0
POG_22415	431	260	0	2090	0	0	0	0	0	0	0	0	0	0	614	0	0	0	0	0	0	0	0	0	0	0	0	0	0	0
POG_22499	472	0	0	2737	0	0	0	0	740	0	0	0	0	0	0	0	0	0	0	0	0	0	0	0	0	0	0	0	0	0
POG_22592	558	0	0	3123	0	0	0	0	1364	0	0	0	0	0	0	0	0	0	0	0	1975	0	0	0	0	0	0	0	0	0
POG_22593	235	0	0	1226	0	0	0	0	521	0	0	0	0	0	0	0	0	0	0	0	0	0	0	0	0	0	0	0	0	0
POG_22595	322	131	0	1690	0	0	0	0	0	0	0	0	0	0	1123	0	0	0	0	0	0	0	0	0	0	0	0	0	0	0
POG_22597	603	828	0	3415	0	0	0	0	1341	0	0	1681	0	0	0	0	0	0	0	0	0	0	0	0	0	0	0	0	0	0
POG_23162	491	1005	0	1427	0	0	0	0	0	0	0	969	0	0	0	0	0	0	0	0	0	0	0	0	0	0	0	0	0	0
POG_23187	1252	16694	0	3351	0	0	0	0	0	0	0	18776	0	0	0	0	0	0	0	0	0	0	0	0	0	0	0	0	0	0
POG_23189	190	0	0	2268	0	0	0	0	0	0	0	0	0	0	0	0	0	1097	0	1472	0	0	0	0	0	0	0	0	0	0
POG_23205	812	0	0	5294	0	0	0	0	0	0	0	0	0	0	1350	0	0	0	0	0	0	0	0	0	1281	0	0	0	0	0
POG_23237	76	0	0	308	0	0	0	0	0	0	0	0	0	0	0	0	0	0	0	0	0	0	0	0	0	0	0	0	0	0
POG_23238	192	0	0	3472	0	0	0	0	0	0	0	0	0	0	0	0	0	0	0	3112	0	0	0	0	0	0	0	0	0	0
POG_23239	225	0	396	1320	0	0	0	0	0	0	0	0	0	0	0	0	0	0	0	0	0	0	0	0	0	0	0	0	0	0
POG_23315	1451	0	0	4160	0	0	0	0	0	0	0	0	0	0	3301	0	0	0	0	2177	0	0	0	0	0	0	0	0	0	0
POG_23344	885	0	0	2147	0	0	0	0	0	0	0	0	0	0	672	0	0	835	0	0	0	0	0	0	0	0	0	0	0	0
POG_23401	695	0	0	3511	0	0	0	0	2000	0	0	0	0	0	0	0	0	0	0	0	2882	0	0	0	0	0	0	0	0	0
POG_23411	315	0	0	4966	0	0	0	0	2661	0	0	0	0	0	0	0	0	0	0	0	0	0	0	0	0	0	0	0	0	0
POG_23453	2080	0	0	3859	0	0	0	0	0	0	0	0	0	0	1837	0	0	0	0	0	0	0	0	0	0	0	0	0	0	0
POG_23454	284	144	0	2273	0	0	0	0	0	132	0	0	0	0	0	0	0	0	0	0	0	0	0	0	0	0	0	0	0	0
POG_23673	793	0	0	1550	0	0	0	0	0	0	0	0	0	0	861	0	0	0	0	0	0	0	0	0	0	0	0	1168	0	0
POG_23674	25897	0	0	26878	0	0	0	0	0	0	0	0	0	0	0	16394	0	0	0	0	0	48644	0	0	0	0	0	0	0	0
POG_23675	329	481	0	1784	0	0	0	0	0	0	0	303	0	0	477	0	0	0	0	0	0	0	0	0	0	0	0	0	0	0
POG_23676	1766	0	0	5498	0	0	0	0	0	0	0	0	1238	3016	2846	0	0	0	0	0	0	0	0	0	0	0	0	4709	0	0
POG_23701	188	561	0	3016	0	0	0	0	1515	0	0	1467	0	0	0	0	0	0	0	0	2580	0	0	0	0	0	0	0	0	0
POG_23706	376	288	0	1580	0	231	0	0	0	0	0	0	0	0	396	0	0	0	0	0	0	0	0	0	0	0	0	0	0	0
POG_23736	131	1031	0	6937	0	0	0	0	0	0	0	1854	0	0	0	0	0	0	0	0	0	0	0	0	0	0	0	0	0	0
POG_23737	333	7202	0	1592	0	0	0	0	0	0	0	8741	0	0	0	0	0	0	0	0	0	0	0	0	0	0	0	0	0	0
POG_23738	630	506	0	4058	0	0	0	0	2486	0	0	426	273	416	0	0	0	0	0	0	0	0	0	0	0	0	0	0	0	0
POG_23739	1071	6543	0	2512	0	0	0	0	0	0	0	4365	0	0	0	0	0	0	0	0	0	0	0	0	0	0	0	0	0	0
POG_23764	306	0	0	3366	0	0	0	0	1829	0	0	0	0	0	0	0	0	0	0	0	0	0	0	0	0	0	0	0	0	0
POG_23802	305	0	0	1319	0	0	0	0	513	0	0	0	0	0	0	0	0	657	0	0	0	0	0	0	0	0	0	0	0	0
POG_23805	824	0	0	3079	0	0	0	0	0	0	0	0	0	0	0	0	0	0	0	0	0	0	0	0	0	0	0	0	0	0
POG_23808	0	0	0	17150	25962	8157	11778	4969	0	0	0	0	0	0	0	0	0	0	0	0	0	0	0	0	0	0	0	0	0	0
POG_23940	949	349	0	4085	0	0	0	0	0	0	0	564	0	0	1161	0	0	0	0	1235	0	0	0	0	0	0	0	0	0	0
POG_24045	768	187	0	4149	0	0	0	0	1368	0	0	585	0	0	0	0	0	0	0	0	0	0	520	0	0	0	0	0	0	0
POG_24077	1486	0	0	6286	0	0	0	0	0	0	0	0	372	882	6196	0	0	0	0	0	0	0	0	0	0	0	0	0	0	0
POG_24176	138	0	0	3027	0	0	0	0	0	0	0	0	0	0	0	0	0	0	0	0	0	0	0	0	0	0	0	824	0	0
POG_24177	1411	6777	0	7991	0	0	0	0	6458	0	0	9137	0	0	0	0	0	0	0	0	0	0	0	0	0	0	0	0	0	0
POG_24229	0	0	0	0	0	0	0	0	0	0	0	0	0	0	0	0	12603	0	0	0	0	4386	0	0	0	0	0	0	0	0
POG_24243	650	0	0	1140	0	0	0	0	0	0	0	0	0	0	446	0	0	0	0	0	0	0	0	0	0	0	0	0	0	0
POG_24294	139	82	0	1643	0	0	0	0	591	0	0	154	0	0	0	0	0	0	0	0	0	0	0	0	0	0	0	0	0	0
POG_24295	462	3429	0	3337	0	0	0	0	0	0	0	2988	0	0	0	0	0	0	0	0	0	0	0	0	0	0	0	0	0	0
POG_24358	968	0	0	5562	0	0	0	0	0	0	0	0	1159	1883	3031	0	0	0	0	0	0	0	0	0	0	0	0	0	0	0
POG_24359	370	0	0	2058	0	0	0	0	0	0	0	0	0	0	0	0	0	0	0	0	0	0	0	0	0	0	0	0	0	0
POG_24363	442	0	0	1061	0	0	0	0	0	602	0	0	0	0	4655	0	0	0	0	0	0	0	0	0	0	0	0	0	0	0
POG_24423	175	1547	0	2438	0	0	0	0	1702	0	0	1368	0	0	0	0	0	1758	0	0	0	0	0	0	0	0	0	0	0	0
POG_24424	1615	0	0	2622	0	0	0	0	0	0	0	0	0	405	1426	0	0	0	0	0	0	0	0	0	0	0	0	0	0	0
POG_24464	0	0	0	2854	0	0	0	0	0	0	0	0	0	0	679	0	0	0	0	0	0	0	0	0	0	0	0	0	0	0
POG_24465	120	0	0	950	0	0	0	0	0	0	0	0	0	0	0	0	0	0	0	0	0	0	0	0	0	0	0	0	0	0
POG_24550	261	470	0	1346	0	0	0	0	0	0	0	176	260	410	439	0	0	0	0	0	0	0	0	0	0	0	0	0	0	0
POG_24838	464	1795	0	2579	0	0	0	0	0	0	0	1521	0	0	0	0	0	0	0	0	0	0	0	0	0	0	0	0	0	0
POG_25027	123	2621	9003	4812	0	0	0	0	0	0	0	2739	0	0	0	0	0	0	0	0	0	0	0	0	0	0	0	0	0	0
POG_25134	989	0	0	2764	0	0	0	0	0	0	0	0	0	0	1292	0	0	0	0	0	0	0	0	0	0	0	0	0	0	0
POG_25315	323	889	0	3150	0	0	0	0	0	0	0	1456	0	0	0	0	0	0	0	0	0	0	0	0	0	0	0	0	0	0
POG_25317	355	0	0	1331	0	0	0	0	0	0	0	0	0	0	303	0	0	0	0	0	0	0	210	0	0	0	0	0	0	0
POG_25318	987	0	0	3267	0	0	0	0	0	0	0	0	0	0	0	2778	817	0	0	0	0	3578	0	0	0	0	0	0	0	0
POG_25352	1397	0	0	3262	0	0	0	0	2700	0	0	0	0	0	2078	0	0	0	0	0	0	0	0	0	0	0	0	0	0	0
POG_25356	450	10033	0	2790	0	0	0	0	0	0	0	6449	0	0	0	0	0	0	0	0	0	0	0	0	0	0	0	0	0	0
POG_25358	1274	1775	0	4362	0	0	0	0	0	0	0	2542	0	0	0	0	0	0	0	2115	0	0	0	0	0	0	0	0	0	0
POG_25419	1209	0	0	2244	0	0	0	0	0	0	0	0	0	0	3519	0	0	0	0	0	0	0	0	0	0	0	0	0	0	0
POG_25424	1265	0	0	2375	0	0	0	0	0	0	0	0	0	0	1197	0	0	0	0	0	0	0	0	0	0	0	0	2262	0	0
POG_25426	246	230	0	2955	0	0	0	0	1550	0	0	540	0	0	0	0	0	0	0	0	0	0	0	0	0	0	0	0	0	0
POG_25435	84	0	0	1315	0	0	0	0	525	0	0	0	0	0	0	0	0	0	0	0	0	0	0	0	0	0	0	0	0	0
POG_25436	564	3392	0	3207	0	0	0	0	0	0	0	5209	0	0	0	0	0	0	0	0	0	0	0	0	0	0	0	0	10355	0
POG_25437	1143	0	0	3202	0	0	0	0	2923	0	0	0	0	0	0	0	0	0	0	0	0	0	0	0	0	6534	0	0	0	0
POG_25438	74	0	0	455	0	0	0	0	0	0	0	0	0	35	0	0	0	0	0	0	0	0	0	0	0	0	0	0	0	0
POG_25439	1824	0	0	5600	0	0	0	0	4505	0	0	0	381	1252	0	0	0	0	0	0	0	0	0	0	0	0	0	0	0	0
POG_25440	2007	0	0	5092	0	0	0	0	4712	0	0	0	407	2088	2475	0	0	0	0	0	0	0	0	0	0	0	0	0	0	0
POG_25441	185	322	0	2228	0	0	0	0	0	0	0	182	0	0	527	0	0	0	0	0	0	0	0	0	0	0	0	0	0	0
POG_25483	221	176	0	1545	0	0	0	0	403	0	0	207	0	0	0	0	0	0	0	0	0	0	0	0	0	0	0	0	0	0
POG_25484	196	0	0	893	0	0	0	0	442	0	0	0	0	0	0	0	0	0	0	0	0	0	0	0	0	0	0	0	0	0
POG_25494	925	0	0	1535	0	0	0	0	704	0	0	0	0	0	0	0	0	0	0	0	0	0	0	0	0	0	0	0	0	0
POG_25496	102	233	0	692	0	0	0	0	314	0	0	316	0	0	0	0	0	0	0	0	0	0	0	0	0	0	0	0	0	0
POG_25497	1497	0	0	2971	0	0	0	0	0	0	0	0	0	0	3190	0	0	0	0	0	0	0	0	0	0	0	0	2390	0	0
POG_25498	2216	0	0	6451	0	0	0	0	3548	0	0	0	0	0	2776	0	0	0	0	0	0	0	0	0	0	0	0	0	0	0
POG_25500	600	253	0	2213	0	0	0	0	0	0	0	217	0	0	656	0	0	0	0	0	0	0	0	0	0	0	0	0	0	0
POG_25501	115	0	0	478	0	0	0	0	0	0	0	0	0	0	0	0	0	0	0	0	0	0	0	0	0	0	0	0	0	0
POG_25535	299	202	0	2500	0	0	0	0	0	0	0	117	0	0	0	0	0	0	0	0	0	0	358	0	0	0	0	0	0	0
POG_25559	151	116	0	309	0	0	0	0	198	0	0	106	0	0	0	0	0	249	0	0	0	0	0	0	0	0	0	0	0	0
POG_25560	241	1551	0	1656	0	0	0	0	0	0	0	1234	0	0	0	0	0	0	0	0	0	0	0	0	0	0	0	0	0	0
POG_25572	0	0	0	1785	0	0	0	0	0	0	0	0	0	0	0	0	5573	0	0	0	0	2288	0	0	0	0	0	0	0	0
POG_25582	723	948	0	2728	0	0	0	0	0	0	0	1176	0	0	799	0	0	0	0	0	0	0	0	0	0	0	0	0	0	0
POG_25583	251	0	0	972	0	0	0	0	0	0	0	0	0	0	0	0	0	0	0	0	0	0	0	0	0	0	0	0	0	0
POG_25589	844	17940	0	2877	0	0	0	0	0	0	0	10080	0	0	0	0	0	0	0	0	0	0	0	0	0	0	0	0	0	0
POG_25590	2780	0	0	9411	0	0	0	0	11466	0	0	0	5445	15142	0	0	0	0	0	0	0	0	0	0	0	0	0	0	0	0
POG_25593	1781	734	0	2944	0	0	0	0	0	0	0	529	0	0	0	0	0	0	0	0	0	4322	0	0	0	0	0	0	0	0
POG_25594	2168	0	0	6957	0	0	0	0	0	0	0	0	0	0	3212	0	0	0	0	0	0	0	0	0	0	0	0	0	0	0
POG_25603	503	182	0	2585	0	0	0	0	1390	0	0	328	0	0	0	0	0	0	0	0	0	0	0	0	0	0	0	0	0	0
POG_25604	358	0	0	2633	0	0	0	0	3267	0	0	0	0	0	0	0	0	2170	0	0	0	0	0	0	0	0	0	0	0	0
POG_25657	2447	0	0	12274	0	0	0	0	0	0	0	0	0	0	0	2904	0	0	0	0	0	18744	0	0	0	0	0	0	0	0
POG_25658	1733	0	0	4952	0	0	0	0	4705	0	0	0	1407	5286	0	0	0	0	0	0	0	0	0	0	0	0	0	0	0	0
POG_25662	285	259	0	1887	0	0	0	0	1352	0	0	460	0	0	0	0	0	0	0	0	0	0	0	0	0	0	0	0	0	0
POG_25664	1580	0	0	2826	0	0	0	0	0	0	0	0	0	0	0	0	0	0	0	0	0	0	0	0	0	0	0	0	0	0
POG_25719	2201	0	0	4496	0	0	0	0	0	0	0	0	356	972	2369	0	0	0	0	0	0	0	0	0	0	0	0	0	0	0
POG_25720	637	0	0	2493	0	0	0	0	0	0	0	0	0	0	550	0	0	0	0	0	0	0	0	0	0	0	0	0	0	0
POG_25721	781	12230	0	3713	0	0	0	0	0	0	0	20872	0	0	0	0	0	0	0	0	0	0	0	0	0	0	0	0	0	0
POG_25722	194	483	0	1298	0	0	0	0	0	0	0	233	0	0	0	0	0	0	0	0	0	0	0	0	0	0	0	0	0	0
POG_25731	179	103	0	1613	0	0	0	0	0	0	0	0	0	0	321	0	0	0	0	0	0	0	0	0	0	0	0	0	0	0
POG_25744	427	0	3790	0	9564	2760	0	0	0	0	0	0	0	0	0	0	0	0	0	0	0	0	0	0	0	0	0	0	0	0
POG_25751	196	182	0	1530	0	0	0	0	0	0	0	64	0	0	583	0	0	0	0	0	0	0	0	0	0	0	0	0	0	0
POG_25752	178	1144	0	3650	0	0	0	0	0	0	0	1751	0	0	0	0	0	0	0	0	0	0	0	0	0	0	0	2371	0	0
POG_25753	1654	0	0	3746	0	0	0	0	2338	480	0	0	0	0	0	0	0	0	0	0	0	0	0	0	0	0	0	0	0	0
POG_25755	1847	0	0	4873	0	0	0	0	0	0	0	0	0	0	2359	0	0	0	0	0	0	0	0	0	0	0	0	0	0	0
POG_25766	31	0	0	1655	0	0	0	0	0	0	0	0	0	0	0	0	0	0	0	0	0	0	0	0	0	0	0	0	0	0
POG_25767	526	0	0	1281	0	0	0	0	0	0	0	0	0	0	0	0	0	0	0	0	0	0	0	0	0	0	0	0	0	0
POG_25768	103	0	1409	4825	0	0	0	0	0	0	0	0	0	0	0	0	0	0	0	0	0	0	0	0	0	0	0	0	0	0
POG_25777	223	5925	0	8302	0	0	0	0	0	0	0	8884	0	0	0	0	0	0	0	0	0	0	0	0	0	0	0	0	0	0
POG_25816	1541	0	0	3473	0	0	0	0	0	0	0	0	0	0	2078	0	0	0	0	0	0	0	0	0	0	0	0	0	0	0
POG_25890	236	671	0	1428	0	0	0	0	836	0	0	338	0	0	0	0	0	674	0	0	0	0	0	0	0	0	0	0	0	0
POG_25899	25	135	0	1522	0	0	0	0	0	0	0	369	0	0	692	0	0	0	0	0	0	0	0	0	0	0	0	1499	0	0
POG_25901	440	1045	0	2566	0	0	0	0	0	0	0	1396	0	0	0	0	0	0	0	0	0	0	0	0	0	0	0	0	0	0
POG_25902	413	283	0	5362	0	0	0	0	4658	0	0	523	0	0	0	0	0	0	0	0	0	0	0	0	0	0	0	0	0	0
POG_25921	59	0	0	1095	0	0	0	0	0	0	0	0	0	0	0	0	0	0	0	0	0	0	0	0	0	0	0	0	0	0
POG_25923	159	477	0	1141	0	0	0	0	0	0	0	406	0	0	408	0	0	0	0	0	0	0	0	0	0	0	0	0	0	0
POG_25958	245	92	0	1320	0	0	0	0	0	0	0	90	0	0	0	0	0	0	0	0	0	0	0	0	0	0	0	0	0	0
POG_25959	69	0	0	4395	0	0	0	0	3263	0	0	0	0	0	0	0	0	0	0	0	0	0	0	0	0	0	0	0	0	0
POG_25960	1244	0	0	3951	0	0	0	0	0	0	0	0	472	1463	2014	0	0	0	0	0	0	0	0	0	0	0	0	0	0	0
POG_25961	281	0	0	1831	0	0	0	0	0	0	0	0	0	0	491	0	0	1070	0	0	0	0	0	0	0	0	0	0	0	0
POG_25962	340	0	0	1818	0	0	0	0	0	0	0	0	0	0	0	0	0	0	0	0	0	0	0	0	0	0	0	0	0	0
POG_25964	84	791	8366	2895	0	0	0	0	0	0	0	966	0	0	0	0	0	0	0	0	0	0	0	0	0	0	0	0	0	0
POG_25965	363	1128	0	1362	0	0	0	0	0	0	0	705	0	0	0	0	0	0	0	0	0	0	0	0	0	0	0	0	0	0
POG_25966	312	1286	11835	6245	0	0	0	0	0	0	0	1481	0	0	5889	0	0	0	0	0	0	0	0	0	0	0	0	0	0	0
POG_25977	166	129	0	1594	0	0	0	0	706	0	0	147	0	0	0	0	0	0	0	0	0	0	0	0	0	0	0	0	0	0
POG_25979	21	0	0	67	0	0	0	0	36	0	0	0	0	0	0	0	0	0	0	0	0	0	0	0	0	0	0	0	0	0
POG_25980	293	458	0	6262	0	0	0	0	3926	0	0	960	0	0	0	0	0	0	0	0	3359	0	0	0	0	0	0	0	0	0
POG_25981	2046	0	0	4917	0	0	0	0	3050	0	0	0	651	1320	2994	0	0	0	0	0	0	0	0	0	0	0	0	0	0	0
POG_25982	344	0	0	1472	0	0	0	0	389	0	0	0	0	0	0	0	0	0	0	0	0	0	0	0	0	0	0	0	0	0
POG_25984	266	0	0	3305	0	0	0	0	3153	0	0	0	0	0	0	0	0	0	0	0	1917	0	0	0	0	0	0	0	0	0
POG_25988	150	0	0	806	0	0	0	0	325	0	0	0	0	0	0	0	0	0	0	0	0	0	0	0	0	0	0	0	0	0
POG_25989	213	0	0	1356	0	0	0	0	668	0	0	0	0	0	0	0	0	0	0	0	0	0	0	0	0	0	0	0	0	0
POG_25990	910	1831	0	4827	0	0	0	0	0	0	0	1913	0	0	0	0	0	0	0	0	0	0	0	0	0	0	0	0	0	0
POG_25991	360	0	0	2378	0	0	0	0	0	0	0	0	0	0	0	0	0	0	0	0	0	0	0	0	0	0	0	0	0	0
POG_26016	337	631	0	2812	0	0	0	0	1215	0	0	758	0	0	0	0	0	0	0	0	0	0	0	0	0	0	0	0	0	0
POG_26017	50	0	0	1386	0	0	0	0	494	0	0	0	0	0	366	0	0	0	0	0	0	0	0	0	0	0	0	0	0	0
POG_26051	1520	454	0	3083	0	0	0	0	0	0	0	844	306	933	1685	0	0	0	0	0	0	0	0	0	0	0	0	0	0	0
POG_26052	508	0	0	1580	0	0	0	0	0	0	0	0	0	0	478	0	0	0	0	0	0	0	0	0	0	0	0	0	0	0
POG_26054	340	142	0	1069	0	0	0	0	362	0	0	0	0	0	0	0	0	0	0	0	0	0	0	0	0	0	0	0	0	0
POG_26066	190	0	0	2048	0	0	0	0	1698	0	0	0	0	0	0	0	0	0	0	0	0	0	0	0	0	0	0	0	0	0
POG_26123	180	0	12291	14041	0	0	0	0	0	0	0	0	0	0	0	0	0	0	0	0	0	0	0	0	0	0	0	0	0	0
POG_26124	1930	0	0	2932	0	0	0	0	0	0	0	0	0	0	2158	0	0	0	0	0	0	0	0	0	0	0	0	0	0	0
POG_26125	889	246	0	2529	0	0	0	0	1292	0	0	184	232	558	0	0	0	0	0	0	0	0	0	0	0	0	0	0	0	0
POG_26239	1937	0	0	3574	0	0	0	0	0	0	0	0	0	0	2788	0	0	0	0	0	0	0	0	0	0	0	0	0	0	0
POG_26266	464	175	0	1534	0	0	0	0	0	0	0	537	0	0	0	0	0	0	0	0	1429	0	0	0	0	0	0	0	0	0
POG_26376	427	2930	0	1541	0	0	0	0	0	0	0	2512	0	0	0	0	0	0	0	0	0	0	0	0	0	0	0	0	0	0
POG_26409	102	0	0	1546	0	0	0	0	796	0	0	0	0	0	0	0	0	0	0	0	0	0	0	0	0	0	0	0	0	0
POG_26416	274	127	0	952	0	0	0	0	477	0	0	45	53	106	0	0	0	0	0	0	0	0	0	0	0	0	0	0	0	0
POG_26465	153	0	0	985	0	0	0	0	0	0	0	0	0	0	0	0	0	0	0	0	0	0	0	0	0	0	0	0	0	0
POG_26825	130	0	0	386	0	0	0	0	143	0	0	0	0	0	0	0	0	0	0	0	0	0	0	0	0	0	0	0	0	0
POG_26850	189	615	0	3824	0	0	0	0	3078	0	0	876	0	0	1343	0	0	0	0	0	0	0	0	0	0	0	0	0	0	0
POG_26851	1774	432	0	4858	0	0	0	0	5113	0	0	1106	0	0	3991	0	0	0	0	0	0	0	0	0	0	0	0	0	0	0
POG_26852	60	155	0	1163	0	0	0	0	437	0	0	225	0	0	0	0	0	0	0	0	0	0	0	0	0	0	0	0	0	0
POG_27025	192	41	0	1026	0	0	0	0	673	0	0	96	0	0	0	0	158	0	0	0	0	0	0	0	0	0	0	0	0	0
POG_27026	914	0	0	2358	0	0	0	0	0	0	0	0	0	0	1019	0	0	0	0	0	0	0	0	0	0	0	0	0	0	0
POG_27028	306	0	0	3630	0	0	0	0	0	0	0	0	0	0	0	0	0	0	0	2257	0	0	0	0	0	0	0	0	0	0
POG_27034	182	510	0	2902	0	0	0	0	2286	0	0	642	0	0	0	0	0	0	0	0	0	0	0	0	0	0	0	0	0	0
POG_27036	71	0	0	638	0	0	0	0	0	0	0	0	0	0	123	0	0	0	0	0	0	0	0	0	0	0	0	0	0	0
POG_27037	147	315	0	2011	0	0	0	0	1316	0	0	747	0	0	0	0	0	0	0	0	1814	0	0	0	0	0	0	0	0	0
POG_27078	779	270	0	2238	0	0	0	0	1625	0	0	379	0	0	0	0	0	0	0	0	0	0	0	0	0	0	0	0	0	0
POG_27090	79	0	0	1249	0	0	0	0	0	0	0	0	0	0	0	0	0	2209	0	0	1974	0	0	0	0	0	0	0	0	0
POG_27177	206	0	511	1764	0	0	0	0	0	0	0	0	0	0	0	0	0	0	0	0	868	0	0	0	0	0	0	0	0	0
POG_27178	1855	0	0	5966	0	0	0	0	0	0	0	0	0	0	3137	0	0	0	0	0	0	0	0	0	0	0	0	0	0	0
POG_27216	551	0	0	1576	0	0	0	0	0	0	0	0	0	0	504	0	0	0	0	0	0	0	0	0	0	0	0	0	0	0
POG_27217	1627	0	0	3178	0	0	0	0	0	0	0	0	0	0	2096	0	0	0	0	0	0	0	0	0	0	0	0	0	0	0
POG_27219	192	362	0	1297	0	0	0	0	0	0	0	222	0	0	423	0	0	0	0	0	0	0	0	0	0	0	0	0	0	0
POG_27228	506	3061	0	2142	0	0	0	0	0	0	0	3807	0	0	0	0	0	0	0	0	0	0	0	0	0	0	0	0	0	0
POG_27327	368	164	0	1295	0	0	0	0	0	0	0	129	0	0	0	0	0	0	0	0	0	0	0	0	0	0	0	0	0	0
POG_27328	286	252	0	1440	0	0	0	0	0	0	0	78	0	0	0	0	0	0	0	0	0	0	0	0	0	0	0	0	0	0
POG_27329	957	1021	0	3381	0	0	0	0	0	0	0	417	0	0	0	0	0	0	0	0	0	0	0	0	0	0	0	0	0	0
POG_27338	350	0	0	1671	0	0	0	0	541	0	0	0	0	0	0	0	0	0	0	0	0	0	0	0	0	0	0	0	0	0
POG_27339	1293	0	0	1950	0	0	0	0	0	0	0	0	0	269	1356	0	0	0	0	0	0	0	0	0	862	0	0	0	0	0
POG_27388	301	251	0	2744	0	0	0	0	1199	0	0	357	0	0	1208	0	0	0	0	0	0	0	0	0	0	0	0	0	0	0
POG_27502	383	317	673	2703	0	0	0	0	0	0	0	391	0	0	0	0	0	0	0	0	0	0	0	0	0	0	0	0	0	0
POG_27503	257	678	0	1194	0	0	0	0	0	0	0	416	0	0	0	0	0	0	0	0	0	0	0	0	0	0	0	0	0	0
POG_27504	186	0	7644	3548	0	0	0	0	0	0	0	0	0	0	2060	0	0	0	0	0	0	0	0	0	0	0	0	0	0	0
POG_27519	405	0	473	1357	0	0	0	0	0	0	0	0	0	0	0	0	0	0	0	0	0	0	0	0	0	0	0	0	0	0
POG_27545	1496	0	0	4313	0	0	0	0	4002	0	0	0	0	0	0	0	0	0	0	0	0	0	0	0	0	0	0	0	0	0
POG_27563	1126	0	0	4661	0	0	0	0	0	0	0	0	407	2374	0	0	0	0	0	0	0	0	0	0	0	0	0	0	0	0
POG_27647	1234	0	92470	29936	0	0	0	0	0	0	0	0	0	0	0	0	0	0	0	0	0	0	0	0	0	0	0	0	0	0
POG_27697	83	0	0	977	0	0	0	0	0	0	0	0	0	0	186	0	0	0	0	0	0	0	0	0	0	0	0	0	0	0
POG_27706	0	192	0	751	0	0	0	0	0	205	0	155	0	0	1965	0	0	0	0	611	0	0	0	0	0	0	0	0	0	0
POG_27707	104	0	178	444	0	0	0	0	0	0	0	0	0	0	0	0	0	103	0	0	0	0	0	0	0	0	0	0	0	0
POG_27721	1635	408	0	4253	0	0	0	0	2557	0	0	757	364	590	2484	0	0	0	0	0	0	0	0	0	0	0	0	0	0	0
POG_27722	273	0	0	759	0	0	0	0	369	0	0	0	0	0	0	0	203	0	0	0	0	0	0	0	0	0	0	0	0	0
POG_27723	409	492	0	2992	0	0	0	0	1358	0	0	283	0	231	0	0	0	0	0	0	0	0	0	0	0	0	0	0	0	0
POG_27765	616	241	0	1846	0	0	0	0	0	0	0	112	0	0	396	0	0	0	0	0	0	0	0	0	0	0	0	0	0	0
POG_27784	3134	0	0	4809	0	0	0	0	0	0	0	0	0	0	0	0	0	0	0	0	0	0	0	0	0	0	0	0	0	0
POG_27792	527	349	0	1907	0	0	0	0	855	0	0	499	0	0	0	0	0	0	0	0	0	0	0	0	0	0	0	0	0	0
POG_27794	291	323	0	951	0	217	0	0	439	0	0	126	0	0	0	0	0	0	0	0	0	0	0	0	0	0	0	0	0	0
POG_27795	1842	0	0	5933	0	0	0	0	0	0	0	0	688	1429	2690	0	0	0	0	0	0	0	0	0	0	0	0	0	0	0
POG_27981	215	0	0	3686	0	0	0	0	0	0	0	0	0	0	1366	0	0	0	0	0	0	0	0	0	0	0	0	0	0	0
POG_28003	66	0	0	1176	0	0	0	0	0	0	0	0	0	0	0	0	0	0	0	0	0	0	0	0	0	0	0	0	0	0
POG_28012	246	0	0	2777	0	0	0	0	2120	0	0	0	0	0	0	0	0	0	0	0	2025	0	0	0	0	0	0	0	0	0
POG_28123	130	0	0	525	0	0	0	0	171	0	0	0	0	0	0	0	0	0	0	0	0	0	0	0	0	0	0	0	0	0
POG_28124	1930	0	0	11636	0	0	0	0	0	0	0	0	626	3465	0	0	0	0	3046	0	0	0	0	0	0	0	0	0	0	0
POG_28125	829	0	0	6472	0	0	0	0	0	0	0	0	482	821	6491	0	0	0	0	0	0	0	0	0	0	0	0	0	0	0
POG_28126	721	6969	0	4544	0	0	0	0	0	0	0	6583	0	0	0	0	0	0	0	0	0	0	0	0	0	0	0	0	0	0
POG_28130	172	0	0	1746	0	0	0	0	742	0	0	0	0	0	0	856	0	0	0	0	0	0	0	0	0	0	0	0	0	0
POG_28131	174	261	0	1586	0	0	0	0	1178	0	0	651	0	0	0	0	0	0	0	0	1761	0	0	0	0	0	0	0	0	0
POG_28132	361	0	0	1310	0	0	0	0	0	0	0	0	0	0	298	0	0	0	0	0	0	0	0	0	0	0	0	0	0	0
POG_28170	428	0	0	2343	0	0	0	0	0	0	0	0	186	230	802	0	0	0	0	1069	0	0	0	0	0	0	0	0	0	0
POG_28171	159	0	0	2274	0	0	0	0	0	0	0	0	0	0	0	0	0	0	0	0	0	0	0	0	0	0	0	0	0	0
POG_28178	609	310	0	3268	0	296	0	0	0	0	0	404	0	0	0	0	0	0	0	0	0	0	0	0	0	0	0	0	0	0
POG_28212	830	0	0	1976	0	0	0	0	885	0	0	0	0	0	0	0	0	0	0	0	0	0	0	0	0	0	0	0	0	0
POG_28224	259	0	0	0	60042	16350	0	0	0	0	0	0	0	0	0	0	0	0	0	0	0	0	0	0	0	0	0	0	0	0
POG_28225	284	110	0	1103	0	0	0	0	331	0	0	50	0	0	0	0	0	0	0	0	0	0	0	0	0	0	0	0	0	0
POG_28226	2189	0	0	3917	0	0	0	0	0	0	0	0	0	0	3051	0	0	0	0	0	0	0	0	0	0	0	0	0	0	0
POG_28278	247	4349	45227	12786	0	0	0	0	0	0	0	4180	0	0	0	0	0	0	0	0	0	0	0	0	0	0	0	0	0	0
POG_28312	287	0	0	1530	0	0	0	0	686	0	0	0	0	0	0	0	0	0	0	0	0	0	0	0	0	0	0	0	0	0
POG_28324	1910	0	0	4741	0	0	0	0	0	0	0	0	948	2185	2959	0	0	0	0	0	0	0	0	0	0	0	0	4433	0	0
POG_28325	462	418	0	1992	0	0	0	0	0	0	0	176	0	0	512	0	0	0	0	0	0	0	0	0	0	0	0	0	0	0
POG_28326	91	0	14184	7247	0	0	0	0	0	0	0	0	0	0	0	0	0	0	0	0	0	0	0	0	0	0	0	0	0	0
POG_28374	1596	718	0	2434	0	0	0	0	0	0	0	543	0	0	1840	0	0	0	0	0	0	0	0	0	0	0	0	0	0	0
POG_28380	558	0	0	1193	0	0	0	0	0	0	0	0	0	0	0	0	0	0	0	971	0	0	0	0	0	0	0	0	0	0
POG_28381	341	0	0	831	0	0	0	0	0	0	0	0	0	0	477	0	0	0	0	0	0	0	0	0	0	0	0	0	0	0
POG_28382	374	0	0	1625	0	0	0	0	544	0	0	0	0	0	0	0	0	0	0	0	0	0	0	0	0	0	0	0	0	0
POG_28384	238	0	0	2125	0	0	0	0	0	0	0	0	0	0	0	0	0	0	0	0	0	0	0	0	0	0	0	0	0	0
POG_28391	486	1611	0	1764	0	0	0	0	0	0	0	696	0	0	0	0	0	0	0	0	0	0	0	0	0	0	0	0	0	0
POG_28392	927	418	0	2586	0	0	0	0	0	0	0	174	0	0	638	0	0	0	0	0	0	0	0	0	0	0	0	0	0	0
POG_28421	99	0	0	1693	0	0	0	0	0	0	0	0	0	0	0	0	537	0	0	0	0	0	0	0	0	0	0	0	0	0
POG_28422	278	1270	0	2605	0	0	0	0	0	0	0	1758	0	0	0	0	0	0	0	0	0	0	0	0	0	0	0	0	0	0
POG_28427	1016	0	0	2210	0	0	0	0	0	0	0	0	0	0	0	0	0	0	0	0	0	0	0	0	0	0	0	0	0	0
POG_28428	1342	0	0	2113	0	0	0	0	0	0	0	0	0	0	1851	0	0	0	0	0	0	0	0	0	0	0	0	0	0	0
POG_28430	239	0	0	1348	167	0	0	73	0	0	0	0	0	0	252	0	0	0	0	0	0	0	0	0	0	0	0	0	0	0
POG_28494	2122	529	0	4168	0	0	0	0	0	0	0	0	0	0	2919	0	0	0	0	0	0	0	0	0	0	0	0	4200	0	0
POG_28495	0	0	160	94	0	0	0	0	0	0	0	0	0	0	0	0	0	0	0	0	0	0	0	0	0	0	0	0	0	0
POG_28496	1584	0	0	4312	0	0	0	0	0	0	0	0	0	419	2453	0	0	0	0	0	0	0	0	0	0	0	0	0	0	0
POG_28497	1561	0	0	4118	0	0	0	0	0	0	0	0	0	0	1588	0	0	0	0	0	0	0	0	0	0	0	0	0	0	0
POG_28590	556	0	0	1931	0	0	0	0	1026	0	0	0	0	0	0	0	0	0	0	0	0	0	0	0	0	0	0	0	0	0
POG_28638	558	1216	0	2419	0	0	0	0	0	0	0	1630	0	0	0	0	0	0	0	0	0	0	0	0	0	0	0	0	0	0
POG_28665	525	957	0	1703	0	0	0	0	0	0	0	298	0	0	0	0	0	0	0	0	0	0	0	0	0	0	0	0	0	0
POG_28666	1704	0	0	3015	0	0	0	0	0	0	0	0	0	0	2988	0	0	0	0	0	0	0	0	0	0	0	0	0	0	0
POG_28667	482	0	0	2366	0	0	0	0	1182	0	0	0	0	0	0	0	0	0	0	0	0	0	0	0	0	0	0	0	0	0
POG_28668	311	4441	20589	6563	0	0	0	0	0	0	0	2911	0	0	0	0	0	0	0	0	0	0	0	0	0	0	0	0	0	0
POG_29146	1828	58608	0	6277	0	0	0	0	0	0	0	40345	0	0	0	0	0	0	0	0	0	0	0	0	0	0	0	0	0	0
POG_29147	198	0	98573	24805	0	0	0	0	0	0	0	0	0	0	0	0	0	0	0	0	0	0	0	0	0	0	0	0	0	0
POG_29148	44	0	0	417	0	0	0	0	0	0	0	0	0	0	161	0	0	0	0	0	0	0	0	0	0	0	0	0	0	0
POG_29149	431	184	0	1182	0	0	0	0	685	0	0	125	0	0	0	0	0	0	0	0	0	0	0	0	0	0	0	0	0	0
POG_29759	474	3588	0	2916	0	0	0	0	0	0	0	1737	0	0	0	0	0	0	0	0	0	0	0	0	0	0	0	0	0	0
POG_29761	188	72	0	875	0	0	0	0	0	0	0	0	0	0	246	0	0	0	0	0	0	0	0	0	0	0	0	0	0	0
POG_29766	1941	0	0	10406	0	0	0	0	0	0	0	0	0	0	5175	0	0	0	6604	0	0	0	0	0	0	6160	0	0	0	0
POG_29999	1866	0	0	2133	0	0	0	0	0	0	0	0	0	0	4272	0	0	0	0	0	0	0	0	0	0	0	0	1883	0	0
POG_30000	262	1301	0	1477	0	0	0	0	0	0	0	1766	0	0	0	0	0	0	0	0	0	0	0	0	0	0	0	0	0	0
POG_30009	405	152	0	1195	0	0	0	0	0	0	0	66	0	0	0	0	0	0	0	0	0	0	0	0	0	0	0	0	0	0
POG_30011	4	0	7754	11759	0	0	0	0	0	0	0	0	0	0	0	0	0	0	0	0	0	0	0	0	0	0	0	0	0	0
POG_30032	680	0	0	2480	0	0	0	0	0	0	0	0	0	0	501	0	0	0	0	0	0	0	0	0	0	0	0	0	0	0
POG_30078	216	240	0	1188	0	0	0	0	0	0	0	376	0	0	497	0	0	0	0	0	0	0	0	0	0	0	0	0	0	0
POG_30080	1248	0	0	6116	0	0	0	0	0	0	0	0	366	2054	3034	0	0	0	0	0	0	0	0	0	0	0	0	0	0	0
POG_30081	188	0	0	1452	0	0	0	0	0	0	0	0	0	0	361	0	0	0	0	0	0	0	0	0	0	0	0	0	0	0
POG_30082	263	0	0	807	0	0	0	0	0	0	0	0	0	0	0	0	0	0	0	0	0	0	0	0	0	0	0	0	0	0
POG_30083	564	0	0	3668	0	0	0	0	1179	0	0	0	0	0	0	0	0	0	0	0	0	0	0	0	0	0	0	0	0	0
POG_30159	1309	0	0	2181	0	0	0	0	0	0	0	0	0	0	1840	0	0	0	0	0	0	0	0	0	0	0	0	0	0	0
POG_30220	267	0	0	1939	0	0	0	0	0	0	0	0	0	0	0	0	0	1462	0	2908	0	0	0	0	0	0	0	0	0	0
POG_30221	614	711	0	5309	0	0	0	0	3120	0	0	1347	0	0	0	0	0	0	0	0	3092	0	0	0	0	0	0	0	0	0
POG_30222	624	0	0	4061	0	0	0	0	2276	406	0	0	0	0	0	0	0	0	0	0	0	0	0	0	0	0	0	0	0	0
POG_30248	287	1648	0	1563	0	0	0	0	0	0	0	638	0	0	0	0	0	0	0	0	0	0	0	0	0	0	0	0	0	0
POG_30250	286	114	0	794	0	0	0	0	0	0	0	97	0	0	0	0	0	0	0	0	0	0	0	0	0	0	0	0	0	0
POG_30251	2240	0	0	4171	0	0	0	0	0	0	0	0	0	0	2070	0	0	0	0	0	0	0	0	0	0	0	0	1874	0	0
POG_30252	558	402	0	3082	0	0	0	0	0	0	0	360	0	0	0	0	0	0	0	0	0	0	0	0	0	0	0	0	0	0
POG_30253	26	12	0	233	0	0	0	0	86	0	0	23	0	0	0	0	0	0	0	0	0	0	0	0	0	0	0	0	0	0
POG_30254	185	0	0	842	0	0	0	0	0	0	0	0	0	0	0	0	0	0	0	0	0	0	0	0	0	0	0	0	0	0
POG_30265	1150	0	0	4676	0	0	0	0	0	0	0	0	0	442	1320	0	0	0	0	0	0	0	0	0	0	0	0	0	0	0
POG_30309	1789	0	0	2663	0	0	0	0	0	0	0	0	0	0	1459	0	0	0	0	0	0	0	0	0	0	0	0	1947	0	0
POG_30310	262	165	435	2168	0	0	0	0	0	0	0	304	0	0	0	0	0	0	0	0	0	0	0	0	0	0	0	0	0	0
POG_30311	65	0	0	1062	0	0	0	0	0	0	0	0	0	0	0	0	0	0	0	0	0	0	0	0	0	0	0	0	0	0
POG_30313	271	380	0	3073	0	0	0	0	1692	0	0	853	0	0	0	0	0	0	0	0	1736	0	0	0	0	0	0	0	0	0
POG_30321	2257	0	0	3758	0	0	0	0	0	0	0	0	0	0	1929	0	0	0	0	0	0	0	0	0	0	0	0	0	0	0
POG_30425	900	1372	0	3275	0	0	0	0	0	0	0	1279	0	0	0	0	0	0	0	0	0	0	0	0	0	0	0	0	0	0
POG_30426	160	0	0	2470	0	0	0	0	1715	0	0	0	0	0	0	0	0	0	0	0	0	0	0	0	0	0	0	0	0	0
POG_30431	50	0	0	643	0	0	0	0	234	0	0	0	0	0	0	0	0	0	0	0	0	0	0	0	0	0	0	0	0	0
POG_30487	410	125	0	2497	0	0	0	0	0	0	0	407	0	0	0	0	0	0	0	0	0	0	428	0	0	0	0	0	0	0
POG_30488	334	945	0	2492	0	0	0	0	0	0	0	726	0	0	831	0	0	0	0	0	0	0	0	0	0	0	0	0	0	0
POG_30489	461	0	0	0	179913	46609	17025	0	0	0	0	0	0	0	0	0	0	0	0	0	0	0	0	0	0	0	0	0	0	0
POG_30490	152	0	0	2944	0	0	0	0	0	0	0	0	0	0	1524	0	0	0	0	0	1720	0	0	0	0	0	0	0	0	0
POG_30491	486	0	8304	5611	0	0	0	0	0	0	0	0	0	0	0	0	0	0	0	0	0	0	0	0	0	0	0	0	0	0
POG_30492	1978	0	0	5282	0	0	0	0	0	0	0	0	0	1466	2584	0	0	0	0	0	0	0	0	0	0	0	0	0	0	0
POG_30497	1616	0	0	2897	0	0	0	0	0	0	0	0	0	0	1750	0	0	0	0	0	0	0	0	0	0	0	0	1923	0	0
POG_30498	622	0	0	4503	0	0	0	0	0	0	0	0	0	574	0	0	0	0	0	0	0	0	0	0	0	0	0	0	0	0
POG_30500	461	372	2109	3708	0	0	0	0	0	0	0	251	0	0	0	0	0	1594	0	0	0	0	0	0	0	0	0	0	0	0
POG_30504	1591	0	0	3840	0	0	0	0	0	0	0	0	0	0	2497	0	0	0	0	0	0	0	0	0	1716	0	0	1625	0	0
POG_30505	164	0	0	960	0	0	0	0	0	0	0	0	0	0	0	0	0	0	0	0	0	0	0	0	0	0	0	0	0	0
POG_30519	377	148	0	1706	0	0	0	0	0	0	0	219	0	0	0	0	0	0	0	0	0	0	0	0	0	0	0	0	0	0
POG_30606	456	0	0	3698	0	0	0	0	0	0	0	0	0	0	0	0	0	0	0	0	0	0	0	0	0	0	0	0	0	0
POG_30607	145	0	0	1264	0	0	0	0	0	0	0	0	0	0	268	0	0	0	0	0	0	0	0	0	0	0	0	0	0	0
POG_30608	329	984	0	1450	0	0	0	0	0	0	0	1132	0	0	0	0	0	0	0	0	0	0	0	0	0	0	0	0	0	0
POG_30609	1332	0	0	2459	0	0	0	0	0	0	0	0	0	0	1812	0	0	0	0	0	0	0	0	0	980	0	0	0	0	0
POG_30616	369	0	0	2104	0	0	0	0	885	0	0	0	0	0	0	0	0	0	0	0	1066	0	0	0	0	0	0	0	0	0
POG_30635	2061	0	0	3554	0	0	0	0	0	0	0	0	0	0	3117	0	0	0	0	0	0	0	0	0	0	0	0	7832	0	0
POG_30784	633	134	0	2871	0	0	0	0	1253	0	0	359	0	0	0	0	0	0	0	0	0	0	0	0	0	0	0	0	0	0
POG_30807	2018	1899	0	5938	0	0	0	0	9347	0	0	3438	0	0	0	0	0	4065	0	0	0	0	0	0	0	0	0	0	0	0
POG_30809	0	45767	0	0	281437	99649	27769	0	0	0	0	0	0	0	0	0	0	0	0	0	0	0	0	0	0	0	0	0	0	0
POG_30810	59	0	0	1150	0	0	0	0	297	0	0	0	0	0	0	0	0	0	0	0	0	0	0	0	0	0	0	0	0	0
POG_30811	1610	0	0	3746	0	0	0	0	0	0	0	0	0	0	1936	0	0	0	0	0	0	0	0	0	0	0	0	0	0	0
POG_30821	132	90	0	1690	0	0	0	0	0	0	0	279	0	0	0	0	0	0	0	0	0	0	0	0	0	0	0	0	0	0
POG_30822	10108	0	0	21609	0	0	0	0	0	0	0	0	0	0	0	0	0	0	0	0	0	21966	0	0	0	0	0	0	0	0
POG_30895	83	140	0	1294	0	0	0	0	568	0	0	103	0	0	0	0	0	0	0	0	0	0	0	0	0	0	0	0	0	0
POG_30896	291	0	0	737	0	0	0	0	294	0	0	0	0	0	0	0	0	0	0	0	0	0	0	0	0	0	0	0	0	0
POG_30897	258	1945	18008	4598	0	0	0	0	0	0	0	2059	0	0	0	0	0	0	0	0	0	0	0	0	0	0	0	0	0	0
POG_30902	373	0	0	1398	0	0	0	0	0	0	0	0	0	0	0	0	0	0	0	0	0	0	0	0	0	0	0	0	0	0
POG_31030	236	0	0	754	0	0	0	0	0	0	0	0	0	0	375	0	0	0	0	0	0	0	0	0	0	0	0	0	0	0
POG_31031	397	1354	0	7054	0	0	0	0	5668	0	0	1868	0	0	0	0	0	0	0	0	0	0	0	0	0	0	0	0	0	0
POG_31034	45	0	18913	7897	0	0	0	0	0	0	0	0	0	0	0	0	0	0	0	0	0	0	0	0	0	0	0	0	0	0
POG_31037	1250	577	0	10921	0	0	0	0	0	0	0	1422	928	1651	5870	0	0	0	0	0	0	0	0	0	0	0	0	0	0	0
POG_31042	364	184	0	3769	0	0	0	0	1601	0	0	522	0	0	0	0	0	0	0	0	0	0	0	0	0	0	0	0	0	0
POG_31043	250	0	0	1582	0	0	0	0	0	0	0	0	0	0	608	0	0	0	0	0	0	0	0	0	0	0	0	0	0	0
POG_31095	148	0	0	1500	0	0	0	0	0	0	0	0	0	0	0	0	0	0	0	0	0	0	0	0	0	0	0	0	0	0
POG_31183	133	0	0	2026	0	0	0	0	1341	0	0	0	0	0	0	0	0	0	0	0	0	0	0	0	0	0	0	0	0	0
POG_31184	358	0	1662	1538	0	0	0	0	0	0	0	0	0	0	0	0	0	0	0	0	0	0	0	0	0	0	0	0	0	0
POG_31185	105	195	0	463	0	0	0	0	0	0	0	391	0	0	0	0	0	0	0	0	0	0	0	0	0	0	0	0	0	0
POG_31189	203	239	0	3078	0	0	0	0	1463	0	0	562	0	0	0	0	0	0	0	0	1477	0	0	0	0	0	0	0	0	0
POG_31190	67	0	0	823	0	0	0	0	215	0	0	0	38	54	0	0	0	0	0	0	0	0	0	0	0	0	0	0	0	0
POG_31191	343	0	300	1155	0	0	0	0	0	0	0	0	0	0	0	0	0	0	0	0	0	0	0	0	326	0	0	0	0	0
POG_31194	127	0	0	1144	0	0	0	0	524	0	0	0	0	0	0	0	0	0	0	0	0	0	0	0	0	0	0	0	0	0
POG_31369	4	169	0	62	0	0	0	0	0	0	0	172	0	0	0	0	0	0	0	0	0	0	0	0	0	0	0	0	0	0
POG_31370	745	389	0	3641	0	0	0	0	1160	0	0	480	0	0	0	0	0	0	0	0	0	0	0	0	0	0	0	0	0	0
POG_31509	204	386	0	3113	0	0	0	0	2123	0	0	576	0	0	0	0	0	0	0	0	1624	0	0	0	0	0	0	0	0	0
POG_31518	736	818	0	3407	0	0	0	0	0	0	0	1059	0	0	1585	0	0	0	0	0	0	0	0	0	0	0	0	0	0	0
POG_31869	133	118	0	1610	0	0	0	0	0	93	0	167	0	0	0	0	0	0	0	0	0	0	0	0	0	0	0	0	0	0
POG_31870	199	0	0	3914	0	0	0	0	0	0	0	0	0	0	0	0	0	0	0	0	0	0	0	0	0	0	0	0	0	0
POG_31911	516	0	0	1825	0	0	0	0	0	0	0	0	0	0	0	0	0	0	0	0	0	0	0	0	0	0	0	0	0	0
POG_31923	491	117	0	2893	0	0	0	0	0	0	0	263	0	0	857	0	0	0	0	0	0	0	0	0	0	0	0	0	0	0
POG_31978	492	0	0	1831	0	0	0	0	0	0	0	0	0	0	390	0	0	0	0	0	0	0	270	0	0	0	0	0	0	0
POG_31979	1392	0	0	9142	0	0	0	0	0	9928	4159	0	0	0	0	0	0	0	0	0	0	0	0	0	0	0	0	0	0	0
POG_31980	693	0	0	8333	0	0	0	0	0	0	0	630	0	0	0	0	0	0	0	0	0	0	0	0	0	0	0	0	0	0
POG_31981	357	0	12720	6477	0	0	0	0	0	0	0	0	0	0	0	0	0	0	0	0	0	0	0	0	0	0	0	0	0	0
POG_31982	356	115	0	2044	0	0	0	0	647	0	0	167	0	0	0	0	0	0	0	0	0	0	0	0	0	0	0	0	0	0
POG_32015	780	17873	0	6773	0	0	0	0	0	0	0	26781	0	0	0	0	0	0	0	0	0	0	0	0	0	0	0	0	0	0
POG_32033	1383	0	0	1413	0	0	0	0	0	0	0	0	0	0	1717	0	0	0	0	0	0	0	0	0	0	0	9742	0	0	0
POG_32034	993	658	0	6284	0	0	0	0	3628	0	0	863	0	0	0	0	0	0	0	0	0	0	0	0	0	0	0	0	0	0
POG_32274	1070	188	0	5759	0	0	0	0	3130	0	0	548	0	0	0	0	0	0	0	0	0	0	0	0	0	0	0	0	0	0
POG_32277	355	788	0	2700	0	0	0	0	0	0	0	1187	0	0	0	0	0	0	0	0	0	0	0	0	0	0	0	0	0	0
POG_32337	417	0	0	2444	0	0	0	0	0	0	0	0	0	0	0	0	0	0	0	539	0	0	0	0	0	0	0	0	0	0
POG_32350	459	0	0	2130	0	0	0	0	0	0	0	0	0	0	0	0	0	0	0	0	0	0	0	0	0	0	0	0	0	0
POG_32353	326	0	0	2162	0	0	0	0	0	0	0	0	0	0	0	0	0	0	0	0	0	0	0	0	0	0	0	0	0	0
POG_32354	2523	0	0	7185	0	0	0	0	0	0	0	0	0	0	3028	0	0	0	0	0	0	0	0	0	0	0	0	0	0	0
POG_32394	180	0	0	867	2320	1080	212	0	0	0	0	0	0	0	0	0	0	0	0	0	0	0	0	0	0	0	0	0	0	0
POG_32395	0	0	0	22771	102742	93809	10612	10497	0	0	0	0	0	0	0	0	0	0	0	0	0	0	0	0	0	0	0	0	0	0
POG_32397	988	207	0	3274	0	0	0	0	0	0	0	382	0	0	703	0	0	0	0	0	0	0	492	0	0	0	0	0	0	0
POG_32398	418	7311	0	3507	0	0	0	0	0	0	0	9099	0	0	0	0	0	0	0	0	0	0	0	0	0	0	0	0	0	0
POG_32408	1381	333	0	2911	0	0	0	0	0	0	0	0	0	0	911	0	0	0	0	0	0	0	0	0	0	0	0	0	0	0
POG_32557	974	0	0	2064	0	0	0	0	0	167	0	0	0	0	0	0	0	0	0	624	0	0	415	0	0	0	0	0	0	0
POG_32558	655	0	0	1915	0	0	0	0	0	0	0	0	0	0	0	0	0	0	0	0	0	0	0	0	0	0	0	0	0	0
POG_32559	318	0	0	1445	0	0	0	0	0	0	0	0	0	0	0	0	0	0	0	0	0	0	0	0	0	0	0	0	0	0
POG_32571	277	0	0	3154	0	0	0	0	2024	0	0	0	0	0	0	0	0	0	0	0	1194	0	0	0	0	0	0	0	0	0
POG_32572	636	0	0	0	57146	22717	0	5832	0	0	0	0	0	0	0	0	0	0	0	0	0	0	0	0	0	0	0	0	0	0
POG_32573	1890	0	0	3308	0	0	0	0	0	0	0	0	0	0	2282	0	0	0	0	0	0	0	0	0	0	0	0	2012	0	0
POG_32654	1356	8738	0	4462	0	0	0	0	0	0	0	5895	0	0	0	0	0	0	0	0	0	0	0	0	0	0	0	0	0	0
POG_32656	1185	0	0	3751	0	0	0	0	0	0	0	0	0	0	0	0	0	0	0	0	0	0	0	0	0	0	0	0	0	0
POG_32667	248	0	0	1734	0	0	0	0	0	0	0	0	0	0	0	0	0	0	0	0	0	0	0	0	0	0	0	0	0	0
POG_32897	378	0	0	2282	0	0	0	0	938	0	0	0	0	0	0	0	0	0	0	0	0	0	0	0	0	0	0	0	0	0
POG_32959	1948	0	0	4613	0	0	0	0	0	0	0	0	0	0	5115	0	0	0	0	0	0	0	0	0	0	0	0	5265	0	0
POG_32960	281	0	0	3316	0	0	0	0	0	0	0	0	0	0	0	0	0	0	0	0	0	0	0	0	0	0	0	0	0	0
POG_32971	888	1304	0	4406	0	0	0	0	2397	0	0	2461	0	0	0	0	0	0	0	0	0	0	0	0	0	0	0	0	0	0
POG_32972	2182	0	0	4964	0	0	0	0	0	0	0	0	0	0	5065	0	0	0	0	0	0	0	0	0	0	0	0	0	0	0
POG_32973	813	6667	0	7514	0	0	0	0	0	0	0	10703	0	0	0	0	0	0	0	0	0	0	0	0	0	0	0	0	0	0
POG_33033	787	0	0	4412	0	0	0	0	0	0	0	0	0	0	1124	0	0	0	0	1091	0	0	0	0	0	0	0	0	0	0
POG_33034	220	0	0	1153	0	0	0	0	601	0	0	0	0	0	0	0	230	0	0	0	0	0	0	0	0	0	0	0	0	0
POG_33083	333	0	0	6843	15386	6911	1667	0	0	0	0	0	0	0	0	0	0	0	0	0	0	0	0	0	0	0	0	0	0	0
POG_33127	1002	0	0	7653	0	0	0	0	0	0	0	0	698	1968	3558	0	0	0	0	0	0	0	0	0	0	0	0	4555	0	0
POG_33129	670	0	0	3430	0	0	0	0	0	0	0	0	0	0	1189	0	0	0	0	0	0	0	0	0	0	0	0	0	0	0
POG_33154	544	0	0	2300	0	0	0	0	0	0	0	0	0	0	521	0	0	0	0	0	0	0	0	0	0	0	0	0	0	0
POG_33155	290	0	359	2033	0	0	0	0	0	0	0	0	0	0	0	0	0	0	0	0	0	0	0	0	0	0	0	0	0	0
POG_33201	1027	0	0	2390	0	0	0	0	0	0	0	0	0	0	0	0	0	0	0	0	0	0	0	0	0	0	0	0	0	0
POG_33373	882	7219	0	5330	0	0	0	0	0	0	0	7592	0	0	0	0	0	0	0	4778	0	0	0	0	0	0	0	0	0	0
POG_33374	295	312	0	3213	0	0	0	0	1657	0	0	135	0	0	0	0	0	0	0	0	0	0	0	0	0	0	0	0	0	0
POG_33375	654	0	0	5498	0	0	0	0	0	0	0	0	0	0	0	0	0	0	0	2304	0	0	0	0	0	0	0	0	0	0
POG_33387	137	0	0	1670	0	0	0	0	0	0	0	0	0	0	0	0	0	0	0	0	0	0	0	0	0	0	0	0	0	0
POG_33388	555	0	0	2539	0	0	0	0	0	0	0	0	0	0	0	0	0	0	0	1063	0	0	0	0	0	0	0	0	0	0
POG_33389	858	0	0	0	46575	15607	0	0	0	0	0	0	0	0	0	0	0	0	0	0	0	0	0	0	0	0	0	0	0	0
POG_33480	1735	0	0	4102	0	0	0	0	0	0	0	0	277	747	3400	0	0	0	0	0	0	0	0	0	1576	0	0	2622	0	0
POG_33532	603	684	0	5452	0	0	0	0	1918	0	0	1880	0	0	0	0	0	0	0	0	0	0	0	0	0	0	0	0	0	0
POG_33546	827	0	0	6064	0	0	0	0	0	0	0	0	0	433	0	0	0	0	0	0	0	0	0	0	1426	0	0	0	0	0
POG_33740	1123	491	0	6231	0	0	0	0	4420	0	0	897	0	0	0	0	0	0	0	0	0	0	0	0	0	0	0	0	0	0
POG_33764	598	0	4318	3701	0	0	0	0	0	0	0	0	0	0	0	0	0	0	0	0	0	0	0	0	0	0	0	0	0	0
POG_33987	3129	0	0	3892	0	0	0	0	0	0	0	0	0	0	1742	0	0	0	0	0	0	0	0	0	0	0	0	0	0	0
POG_33988	287	0	0	2752	0	0	0	0	0	0	0	0	0	0	1436	0	0	0	0	3148	0	0	0	0	0	0	0	0	0	0
POG_34071	404	0	0	2409	0	0	0	0	867	0	0	0	0	0	0	0	0	0	0	0	0	0	0	0	0	0	0	0	0	0
POG_34115	1319	876	0	8552	0	0	0	0	6751	0	0	1622	406	751	0	0	0	0	0	0	0	0	0	0	0	0	0	0	0	0
POG_34117	422	0	0	3986	0	0	0	0	2430	0	0	0	0	0	0	0	0	0	0	0	2590	0	0	0	0	0	0	0	0	0
POG_34118	473	269	0	3280	0	0	0	0	2263	0	0	573	0	0	0	0	0	0	0	0	1827	0	0	0	0	0	0	0	0	0
POG_34120	577	3467	0	4249	0	0	0	0	0	0	0	12200	0	0	0	0	0	0	0	0	0	0	0	0	0	0	0	3676	0	0
POG_34121	490	3741	0	3097	0	0	0	0	0	0	0	5838	0	0	0	0	0	0	0	0	0	0	0	0	0	0	0	0	0	0
POG_34122	1754	0	0	4099	0	0	0	0	0	0	0	0	0	0	0	0	0	0	0	0	0	0	0	0	0	0	0	0	0	0
POG_34159	363	270	0	2210	0	0	0	0	0	0	0	253	0	0	681	0	0	0	0	0	0	0	0	0	0	0	0	0	0	0
POG_34161	157	0	11014	4666	0	0	0	0	0	0	0	0	0	0	0	0	0	0	0	0	0	0	0	0	0	0	0	0	0	0
POG_34162	698	0	0	2044	0	0	0	0	579	0	0	0	0	0	0	0	0	0	0	0	0	0	0	0	0	0	0	0	0	0
POG_34211	1453	0	0	4345	0	0	0	0	0	0	0	0	0	0	1728	0	0	0	0	1311	0	0	0	0	0	0	0	0	0	0
POG_34215	243	135	0	3166	0	0	0	0	3304	0	0	353	0	0	0	0	0	0	0	0	0	0	0	0	0	0	0	0	0	0
POG_34252	260	232	0	2869	0	0	0	0	890	0	0	391	0	0	0	0	0	0	0	0	0	0	0	0	0	0	0	0	0	0
POG_34288	957	0	0	2562	0	0	0	0	1049	0	0	0	0	558	0	0	0	0	0	0	0	0	0	0	0	0	0	0	0	0
POG_34332	146	0	223	694	0	0	0	0	0	0	0	0	0	0	0	0	0	0	0	0	0	0	0	0	0	0	0	0	0	0
POG_34491	1032	0	0	2389	0	0	0	0	0	0	0	0	0	0	750	0	0	0	0	0	0	0	0	0	0	0	0	0	0	0
POG_34708	0	2002	31269	20607	0	0	0	0	0	0	0	4129	0	0	0	0	0	0	0	0	0	0	0	0	0	0	0	0	0	0
POG_35234	733	6625	0	3703	0	0	0	0	0	0	0	2309	0	0	0	0	0	0	0	0	0	0	0	0	0	0	0	0	0	0
POG_35258	390	6460	2446	3335	0	0	0	0	0	0	0	2302	0	0	0	0	0	0	0	0	0	0	0	0	0	0	0	0	0	0
POG_35260	368	0	0	2918	0	0	0	0	852	0	0	0	0	0	0	0	0	0	0	0	0	0	0	0	0	0	0	0	0	0
POG_35289	2285	0	0	3472	0	0	0	0	0	0	0	0	0	0	2519	0	0	0	0	0	0	0	0	0	0	0	0	0	0	0
POG_35290	189	0	0	1428	0	0	0	0	0	0	0	0	0	0	0	0	0	0	0	0	0	0	0	0	0	0	0	0	0	0
POG_35336	1593	0	0	6499	0	0	0	0	4103	0	0	0	0	0	0	0	0	0	0	0	0	0	0	0	0	0	0	0	0	0
POG_35337	463	312	0	4420	0	0	0	0	2516	0	0	285	0	0	0	0	0	0	0	0	0	0	0	0	0	0	0	0	0	0
POG_36037	432	187	605	2211	0	0	0	0	0	0	0	0	0	0	0	0	0	0	0	0	0	0	0	0	0	0	0	0	0	0
POG_36062	1897	0	0	7945	0	0	0	0	6126	1101	0	0	1446	2575	0	0	0	0	0	0	0	0	0	0	0	0	0	0	4255	0
POG_36063	285	0	0	3679	22228	6620	0	0	0	0	0	0	0	0	0	0	0	0	0	0	0	0	0	0	0	0	0	0	0	0
POG_36065	404	1363	0	3822	0	0	0	0	2937	0	0	1650	0	0	0	0	0	0	0	0	0	0	0	0	0	0	0	0	0	0
POG_36067	1146	2545	0	4631	0	0	0	0	0	0	0	2631	0	0	0	0	0	0	0	4031	0	0	0	0	0	0	0	0	0	0
POG_36068	391	0	0	4245	0	0	0	0	0	0	0	0	0	0	0	0	0	0	0	0	0	0	0	0	0	0	0	0	0	0
POG_36069	1231	1066	0	8272	0	0	0	0	4956	0	0	2230	0	0	0	0	0	0	0	0	5027	0	0	0	0	0	0	0	0	0
POG_36509	234	0	0	1940	0	0	0	0	0	0	0	0	0	0	896	0	0	2649	0	0	0	0	0	0	0	0	0	0	0	0
POG_36621	502	926	0	2271	0	0	0	0	0	0	0	789	0	0	0	0	0	0	0	0	0	0	0	0	0	0	0	0	0	0
POG_36622	269	0	0	1564	0	0	0	0	1098	0	0	0	0	0	0	0	461	584	0	0	0	0	0	0	0	0	0	0	0	0
POG_36684	1060	1259	0	5625	0	0	0	0	0	0	0	2018	0	0	0	0	0	0	0	3850	0	0	0	0	0	0	0	0	0	0
POG_36686	262	146	0	2465	0	0	0	0	744	0	0	211	0	0	0	0	0	0	0	0	0	0	0	0	0	0	0	0	0	0
POG_36700	449	0	0	906	0	0	0	0	0	0	0	0	0	0	0	0	0	10157	0	0	0	0	0	0	0	0	0	0	0	0
POG_36701	1356	0	0	2888	0	0	0	0	1284	0	0	0	0	0	0	0	0	0	0	0	0	0	0	0	0	0	0	0	0	0
POG_36717	832	18150	0	3909	0	0	0	0	0	0	0	12882	0	0	0	0	0	0	0	0	0	0	0	0	0	0	0	0	0	0
POG_36718	2540	0	0	9507	0	0	0	0	0	0	0	0	1027	3152	4642	0	0	0	0	0	0	0	0	0	0	0	0	0	0	0
POG_36748	984	233	0	2693	0	0	0	0	0	0	0	176	0	0	0	0	0	0	0	0	0	0	0	0	0	0	0	0	0	0
POG_36749	279	0	0	1349	0	0	0	0	0	0	0	0	0	0	0	0	0	0	0	0	0	0	0	0	0	0	0	0	0	0
POG_36750	661	0	0	11541	0	0	0	0	0	0	0	0	2329	5762	0	0	0	0	0	0	0	0	0	0	0	0	0	0	0	0
POG_36962	564	502	0	4339	0	0	0	0	0	0	0	386	0	0	1275	0	0	0	0	0	0	0	0	0	0	0	0	0	0	0
POG_36963	543	0	0	1846	0	0	0	0	764	0	0	0	0	0	0	0	0	0	0	0	0	0	0	0	0	0	0	0	0	0
POG_37013	360	903	0	6841	0	0	0	0	3963	0	0	1808	0	0	0	0	0	0	0	0	0	0	0	0	0	0	0	0	0	0
POG_37025	372	0	0	1719	0	0	0	0	0	0	0	0	0	0	342	0	0	0	0	0	0	0	0	0	0	0	0	0	0	0
POG_37026	771	2671	0	3337	0	0	0	0	0	0	0	3594	0	0	0	0	0	0	0	0	0	0	0	0	0	0	0	0	0	0
POG_37027	776	257	0	2322	0	0	0	0	0	0	0	169	0	0	1008	0	0	0	0	0	0	0	0	0	0	0	0	0	0	0
POG_37076	541	0	0	6152	0	0	0	0	0	0	0	0	0	0	0	0	0	0	0	0	0	0	0	0	0	0	0	0	0	22544
POG_37077	559	0	0	1758	0	0	0	0	0	0	0	0	0	0	377	0	0	0	0	0	0	0	0	0	0	0	0	0	0	0
POG_37078	308	99	0	1576	0	0	0	0	0	0	0	0	0	0	0	0	0	0	0	0	0	0	0	0	0	0	0	0	0	0
POG_37080	2182	0	0	2973	0	0	0	0	0	0	0	0	0	0	1961	0	0	0	0	0	0	0	0	0	0	0	0	0	0	0
POG_37093	218	194	0	1912	0	0	0	0	0	0	0	157	0	0	388	0	0	0	0	0	0	0	0	0	0	0	0	0	0	0
POG_37095	390	0	458	574	0	0	0	0	0	0	0	0	0	0	0	0	0	645	0	0	0	0	0	0	0	0	0	0	0	0
POG_37097	483	0	0	3796	0	0	0	0	0	242	0	0	0	0	0	0	0	0	0	0	0	0	0	0	991	0	0	0	0	0
POG_37145	418	2902	0	3473	0	0	0	0	0	0	0	3023	0	0	0	0	0	0	0	0	0	0	0	0	0	0	0	0	0	0
POG_37146	294	537	0	2433	0	0	0	0	4687	0	0	1064	0	0	0	0	0	5494	0	0	2967	0	0	0	0	0	0	0	0	0
POG_37155	1626	0	0	3393	0	0	0	0	0	0	0	0	0	0	1204	0	0	0	0	0	0	0	0	0	0	0	0	0	0	0
POG_37249	814	338	0	2247	0	0	0	0	1278	0	0	393	0	0	0	0	0	0	0	0	0	0	0	0	0	0	0	0	0	0
POG_37297	1630	1133	0	6555	0	0	0	0	0	0	0	922	1213	2492	2777	0	0	0	0	0	0	0	0	0	0	0	0	0	0	0
POG_37311	1467	0	0	9715	0	0	0	0	6749	0	0	0	0	3154	4742	0	0	0	0	0	0	0	0	0	0	0	0	0	0	0
POG_37312	800	580	1127	4171	0	0	0	0	0	0	0	229	0	978	0	0	0	0	0	0	0	0	0	0	0	0	0	0	0	0
POG_37365	539	0	0	1720	210	0	0	0	0	0	0	0	0	0	0	0	0	0	0	0	0	0	0	0	0	0	0	0	0	0
POG_37619	441	388	0	3819	0	0	0	0	2313	0	0	669	0	0	0	0	0	0	0	0	1766	0	0	0	0	0	0	0	0	0
POG_37620	554	19719	0	3716	0	0	0	0	0	0	0	12187	0	0	0	0	0	0	0	0	0	0	0	0	0	0	0	0	0	0
POG_37643	344	0	0	1049	0	0	0	0	0	0	0	0	0	0	820	0	0	0	0	0	0	0	0	0	0	0	0	0	0	0
POG_37716	2109	0	0	2410	0	0	0	0	0	0	0	0	0	0	1853	0	0	0	0	0	0	0	0	0	0	0	9265	0	0	0
POG_37717	423	440	0	2021	0	0	0	0	705	0	0	468	0	0	0	0	0	0	0	0	0	0	0	0	0	0	0	0	0	0
POG_37718	1307	0	0	3416	0	0	0	0	0	0	0	0	0	0	0	0	0	0	0	0	0	0	753	0	0	0	0	0	0	0
POG_37719	165	0	8809	4739	0	0	0	0	0	0	0	0	0	0	0	0	0	0	0	0	0	0	0	0	0	0	0	0	0	0
POG_37720	2634	0	0	8198	0	0	0	0	0	0	0	0	574	1017	4683	0	0	0	0	0	0	0	0	0	0	0	0	0	0	0
POG_37828	898	568	0	4600	0	0	0	0	1827	515	0	333	0	0	0	0	0	0	0	0	0	0	0	0	0	0	0	0	0	0
POG_37840	113	0	0	519	0	0	0	0	0	0	0	0	0	0	0	338	0	0	0	0	0	0	0	0	0	0	0	0	0	0
POG_37842	322	0	0	1172	0	0	0	0	315	0	0	0	0	0	0	0	0	0	0	0	0	0	0	0	0	0	0	0	0	0
POG_37844	501	245	0	1907	0	0	0	0	536	0	0	0	0	0	0	0	0	0	0	0	0	0	0	0	0	0	0	0	0	0
POG_37845	1920	0	0	3208	0	0	0	0	0	0	0	0	0	0	0	0	0	0	0	0	0	0	0	0	0	0	0	0	0	0
POG_37862	783	1675	0	2183	0	0	0	0	0	0	0	884	0	0	0	0	0	0	0	0	0	0	0	0	0	0	0	0	0	0
POG_37916	507	5382	0	2826	0	0	0	0	0	0	0	9791	0	0	0	0	0	0	0	0	0	0	0	0	0	0	0	0	0	0
POG_37917	351	0	0	7068	0	0	0	0	5324	0	0	0	0	0	0	0	0	0	0	0	3539	0	0	0	0	0	0	0	0	0
POG_37918	446	235	0	3369	0	0	0	0	0	0	0	537	0	0	0	0	0	0	0	0	0	0	0	0	0	0	0	0	0	0
POG_37919	378	554	0	2047	0	0	0	0	796	0	0	736	0	0	0	0	0	0	0	0	0	0	0	0	0	0	0	0	0	0
POG_37967	1183	0	0	3195	0	0	0	0	0	0	0	0	0	0	0	0	0	0	0	0	0	0	0	0	0	0	0	0	0	0
POG_37970	256	0	0	2875	0	0	0	0	0	0	0	0	0	0	936	0	0	0	0	0	0	0	0	0	0	0	0	0	0	0
POG_38013	17259	0	0	30530	0	0	0	0	0	0	0	0	0	0	0	0	0	0	0	0	0	40653	0	0	0	0	0	0	0	0
POG_38060	507	938	0	2301	0	0	0	0	1018	0	0	663	0	0	0	0	0	0	0	0	0	0	0	0	0	0	0	0	0	0
POG_38063	246	268	0	2515	0	0	0	0	1378	0	0	300	0	0	0	0	0	0	0	0	0	0	0	0	0	0	0	0	0	0
POG_38077	455	0	0	6448	0	0	0	0	2507	0	0	0	0	0	0	0	0	0	0	0	0	0	0	0	0	0	0	1992	0	0
POG_38119	383	0	0	8820	0	0	0	0	4096	0	0	0	0	0	0	0	0	0	0	0	6378	0	0	0	0	0	0	0	0	0
POG_38120	2752	0	0	5308	0	0	0	0	0	0	0	0	0	0	4795	0	0	0	0	0	0	0	0	0	0	0	0	0	0	0
POG_38228	294	0	0	3411	0	0	0	0	1884	0	0	0	0	0	0	0	0	0	0	0	0	0	0	0	0	0	0	0	0	0
POG_38231	1207	0	0	2615	0	0	0	0	0	0	0	0	0	0	0	0	0	0	0	0	0	0	0	0	0	0	0	0	0	0
POG_38250	306	156	0	1461	0	0	0	0	0	0	0	94	0	0	0	0	0	0	0	0	0	0	0	0	0	0	0	0	0	0
POG_38261	385	0	0	1042	0	0	0	0	0	0	0	0	0	0	909	0	0	0	0	0	0	0	0	0	0	0	0	0	0	0
POG_38357	256	0	0	1810	0	0	0	0	0	0	0	0	0	0	0	0	0	0	0	0	0	0	0	0	0	0	0	0	0	0
POG_38453	588	0	0	4592	0	0	0	0	4403	0	0	0	0	0	0	0	0	0	0	0	0	0	0	0	0	0	0	0	0	0
POG_38501	205	416	0	3245	0	0	0	0	1903	0	0	557	0	0	0	0	0	0	0	0	1621	0	0	0	0	0	0	0	0	0
POG_38505	776	0	0	3658	0	0	0	0	0	0	0	0	0	0	0	0	0	0	0	0	0	0	0	0	0	0	0	0	0	0
POG_38506	2888	0	0	3544	0	0	0	0	0	0	0	0	0	0	2776	0	0	0	0	0	0	0	0	0	0	0	0	0	0	0
POG_38507	365	238	0	5160	0	0	0	0	2351	0	0	992	0	0	0	0	0	0	0	0	4015	0	0	0	0	0	0	0	0	0
POG_38536	1056	249	0	3537	0	0	0	0	2723	0	0	548	0	0	0	0	0	0	0	0	0	0	0	0	0	0	0	0	0	0
POG_38537	1226	0	0	2579	0	0	0	0	0	0	0	0	0	0	686	0	0	0	0	0	0	0	0	0	0	0	0	0	0	0
POG_38569	1205	0	0	4376	0	0	0	0	3567	0	0	0	0	0	0	0	0	0	0	0	2871	0	0	0	0	0	0	0	0	0
POG_38574	275	347	0	1271	0	0	0	0	0	0	0	114	0	0	297	0	0	0	0	0	0	0	0	0	0	0	0	0	0	0
POG_38575	286	87	0	2321	0	0	0	0	0	0	0	189	0	0	482	0	0	0	0	0	0	0	0	0	0	0	0	0	0	0
POG_38599	901	0	0	7664	163679	47367	9689	7313	0	0	0	0	0	0	0	0	0	0	0	0	0	0	0	0	0	0	0	0	0	0
POG_38601	1831	0	0	2735	0	0	0	0	0	0	0	0	0	0	1647	0	0	0	0	0	0	0	0	0	0	1262	0	0	0	0
POG_38673	270	83	0	905	0	0	0	0	511	0	0	95	0	0	0	0	236	0	0	0	0	0	0	0	0	0	0	0	0	0
POG_38674	186	0	0	1992	0	0	0	0	646	0	0	0	0	0	0	0	0	0	0	0	0	0	0	0	0	0	0	0	0	0
POG_38675	1629	0	0	3437	0	0	0	0	1718	0	0	0	389	784	1382	0	0	0	0	0	0	0	0	0	0	0	0	0	0	0
POG_38705	300	0	0	1179	0	0	0	0	0	0	0	0	0	0	0	0	0	0	0	0	0	0	0	0	0	0	0	0	0	0
POG_38706	467	427	0	4116	0	0	0	0	1620	0	0	516	0	0	0	0	0	0	0	0	0	0	0	0	0	0	0	0	0	0
POG_38725	206	313	0	4995	0	0	0	0	2833	0	0	583	0	0	0	0	0	0	0	0	3100	0	0	0	0	0	0	0	0	0
POG_38726	522	5898	0	3165	0	0	0	0	0	0	0	2506	0	0	0	0	0	0	0	0	0	0	0	0	0	0	0	0	0	0
POG_38727	126	0	0	2536	0	0	0	0	649	0	0	0	0	0	0	0	0	0	0	0	0	0	0	0	0	0	0	0	0	0
POG_38744	186	0	0	1022	0	0	0	0	0	0	0	0	0	0	0	0	0	211	0	0	0	0	0	0	0	0	0	0	0	0
POG_38759	948	0	0	2508	0	0	0	0	904	0	0	0	0	0	0	0	0	0	0	0	0	0	0	0	0	0	0	0	0	0
POG_38792	385	963	0	2697	0	0	0	0	0	0	0	493	0	0	0	0	0	0	0	0	0	0	0	0	0	0	0	0	0	0
POG_38850	560	0	0	7255	0	0	0	0	4116	0	0	0	0	0	0	0	0	0	0	0	6213	0	0	0	0	0	0	0	0	0
POG_38887	538	2007	0	3152	0	0	0	0	0	0	0	398	0	0	0	0	0	0	0	0	0	0	0	0	0	0	0	0	0	0
POG_38905	697	651	0	1291	0	0	0	0	2115	0	0	504	0	0	0	0	0	0	0	3129	0	0	0	0	0	0	0	0	0	0
POG_38947	508	0	0	0	54226	19017	0	0	0	0	0	0	0	0	0	0	0	0	0	0	0	0	0	0	0	0	0	0	0	0
POG_39044	872	0	0	3072	0	0	0	0	0	0	0	0	0	0	701	0	0	0	0	0	0	0	0	0	0	0	0	0	0	0
POG_39280	0	0	0	33857	67813	129332	0	0	0	0	0	0	0	0	0	0	0	0	0	0	0	0	0	0	0	0	0	0	0	0
