Samples	SBS1	SBS2	SBS5	SBS13	SBS32	SBS35	SBS37	SBS40	SBS46	SBS54
KiCS0002_321321	1	0	80	0	0	105	0	149	0	0
KiCS0003_20_15220_A_02_00	21	0	306	0	0	0	0	0	0	0
KiCS0003_285201	13	0	119	0	0	0	0	0	0	0
KiCS0003_285202	10	0	142	0	0	0	0	0	0	0
KiCS0005_300238	16	0	61	0	0	0	0	0	0	0
KiCS0005_4677	15	0	107	0	0	0	0	0	0	0
KiCS0006_274243	14	0	95	0	0	0	0	0	0	0
KiCS0007_302948	78	0	1724	0	0	0	491	0	0	0
KiCS0008_289185	29	0	754	0	0	171	0	0	0	0
KiCS0010_270645	2	0	38	0	0	0	0	232	0	0
KiCS0010_270646	4	0	45	0	0	0	0	0	27	0
KiCS0010_270647	33	0	2426	0	0	0	767	0	0	0
KiCS0011_19_24259_A_02_00	4	0	90	0	0	0	0	0	0	0
KiCS0011_270648	5	0	0	0	0	0	0	56	0	0
KiCS0013_319375	4	0	89	0	0	0	0	0	0	0
KiCS0015_18_7567	3	0	134	0	0	0	0	0	0	0
KiCS0015_283113	16	0	150	0	0	0	0	0	0	0
KiCS0015_288017	18	0	102	0	0	0	0	0	0	0
KiCS0015_316119	1	0	129	0	0	0	0	0	0	0
KiCS0016_270650	13	0	134	0	0	64	0	0	0	0
KiCS0017_270651	8	0	98	0	0	0	0	0	0	0
KiCS0017_271603	3	0	60	0	0	0	0	0	0	0
KiCS0018_270652	4	0	261	0	0	0	0	0	0	0
KiCS0024_272790	12	0	95	0	0	0	0	0	0	0
KiCS0025_272791	10	0	350	0	0	0	0	0	0	0
KiCS0025_307284	3	0	196	0	0	0	0	0	0	0
KiCS0029_274194	7	0	568	46	0	0	0	0	0	0
KiCS0030_273368	8	0	165	0	0	0	0	0	0	0
KiCS0031_283112	13	0	203	0	0	0	0	0	0	0
KiCS0033_319631	10	0	91	0	0	0	0	0	0	0
KiCS0035_18_2434_A_03_00	79	0	831	0	0	0	0	0	0	0
KiCS0035_270452	24	0	173	0	0	0	0	0	0	0
KiCS0035_270453	32	0	270	0	0	0	0	0	0	0
KiCS0035_270454	25	0	278	0	0	0	0	0	0	0
KiCS0036_275797	8	0	141	0	0	0	0	0	0	0
KiCS0036_275798	9	14	93	48	0	0	0	0	0	0
KiCS0037_283114	13	0	683	0	0	0	0	0	0	0
KiCS0038_287533	21	0	180	0	0	0	0	0	0	33
KiCS0038_305256	5	0	117	0	0	99	0	0	0	0
KiCS0038_310410	22	0	253	0	0	155	0	0	0	0
KiCS0039_297368	3	0	88	0	0	0	0	0	0	0
KiCS0041_317510	10	0	104	0	0	0	0	0	0	0
KiCS0041_317512	7	0	37	0	0	0	0	70	0	0
KiCS0042_284388	10	0	71	0	0	0	0	0	0	0
KiCS0043_290134	1	0	53	0	0	0	0	0	0	0
KiCS0044_285046	5	0	136	0	0	0	0	0	0	0
KiCS0045_288555	2	0	51	0	0	0	0	0	0	0
KiCS0046_292280	3	0	54	0	0	0	0	0	0	0
KiCS0048_18_753	7	0	106	0	0	0	0	158	0	0
KiCS0048_290132	14	0	416	0	0	0	0	0	0	0
KiCS0049_289183	11	0	57	0	0	0	0	0	0	0
KiCS0049_289187	3	0	62	0	0	0	0	0	0	0
KiCS0050_290492	10	0	220	0	0	0	0	0	0	0
KiCS0051_289184	38	0	311	0	0	0	0	0	0	0
KiCS0052_289182	5	0	105	0	0	0	0	0	0	0
KiCS0055_318143	6	0	168	0	0	0	0	0	0	0
KiCS0059_291150	18	0	222	0	0	0	0	0	0	0
KiCS0061_290886	8	0	56	0	0	0	0	66	0	0
KiCS0064_293844	8	0	59	0	0	0	0	108	0	0
KiCS0066_301446	8	0	113	0	0	0	0	0	0	0
KiCS0067_294232	8	0	194	0	0	0	0	0	0	0
KiCS0068_294906	10	0	141	0	0	0	0	0	0	0
KiCS0069_295533	5	0	10	0	0	0	0	233	0	0
KiCS0069_298700	10	16	98	13	0	0	0	0	0	0
KiCS0070_296084	12	0	156	0	0	0	0	0	0	0
KiCS0074_20_10579_A_02_00	7	0	157	0	0	0	0	0	0	0
KiCS0074_296401	7	0	45	0	0	0	0	0	0	0
KiCS0074_302458	6	0	0	0	0	0	0	75	0	0
KiCS0076_299020	3	0	96	0	0	0	0	0	0	0
KiCS0076_303115	0	0	74	0	0	0	0	0	0	0
KiCS0078_297044	6	0	40	0	0	0	0	0	0	0
KiCS0079_19_7192	10	0	106	0	0	0	0	0	0	0
KiCS0083_298314	0	64	377	43	0	0	0	0	0	0
KiCS0084_300714	15	8	43	20	0	0	0	76	0	0
KiCS0085_299826	7	0	27	0	0	0	0	65	0	0
KiCS0086_298838	0	0	52	0	0	0	0	0	0	0
KiCS0087_297229	14	0	160	0	0	0	0	0	0	0
KiCS0087_299908	0	0	104	0	0	0	0	0	0	0
KiCS0088_298840	10	0	62	0	0	0	0	0	0	0
KiCS0090_299554	243	0	5605	0	0	0	0	0	1162	0
KiCS0091_18_14899_A_02_00	21	0	130	0	0	0	0	148	0	0
KiCS0091_301892	11	0	58	0	0	0	0	0	0	0
KiCS0092_19_18518_A_02_00	53	0	571	0	95	0	256	398	0	0
KiCS0092_298842	10	0	87	0	0	0	0	0	0	0
KiCS0092_319682	2	0	78	0	0	0	0	98	0	0
KiCS0092_329766	11	0	46	0	0	0	0	140	0	0
KiCS0093_305080	10	0	51	0	0	0	0	59	0	0
KiCS0093_314662	21	0	80	0	0	0	0	0	0	0
KiCS0095_300240	2	0	61	0	0	0	0	0	0	0
KiCS0096_302713	7	0	45	0	0	0	0	67	0	0
KiCS0098_301161	5	0	75	0	0	0	0	0	0	0
KiCS0098_301163	2	0	53	0	0	0	0	0	0	0
KiCS0099_301444	8	0	41	0	0	0	0	81	0	0
KiCS0100_301918	3	0	97	0	0	0	0	0	0	0
KiCS0101_303761	22	0	199	0	0	0	0	0	0	0
KiCS0103_304770	22	0	278	0	0	0	0	0	0	0
KiCS0104_303117	4	0	69	0	0	0	0	0	0	0
KiCS0104_312594	2	0	67	0	0	0	0	0	0	0
KiCS0106_302802	8	12	129	0	0	0	0	0	0	0
KiCS0107_307283	6	0	157	0	0	0	0	0	0	0
KiCS0109_304552	7	0	109	0	0	0	0	0	0	0
KiCS0110_304269	8	0	28	0	0	0	0	75	0	0
KiCS0111_313467	26	11	182	37	0	0	0	0	0	0
KiCS0112_306734	6	0	12	0	14	0	15	0	0	0
KiCS0114_304772	3	0	35	0	0	0	0	56	0	0
KiCS0115_313555	15	0	172	0	0	0	0	0	0	0
KiCS0116_307117	11	0	50	0	0	0	0	0	0	0
KiCS0118_312902	5	0	50	0	0	0	0	0	0	0
KiCS0119_307642	7	0	58	0	0	0	0	0	0	0
KiCS0120_308112	1	0	36	0	0	0	0	0	0	0
KiCS0120_308114	4	0	62	0	0	0	0	34	0	0
KiCS0120_308939	23	0	295	0	0	0	0	0	0	0
KiCS0121_311881	5	0	46	0	0	0	0	0	0	0
KiCS0123_308934	3	0	49	0	0	0	0	0	0	0
KiCS0125_309277	5	0	61	0	0	0	0	0	0	0
KiCS0126_328068	6	6	66	16	0	0	0	0	0	0
KiCS0128_310151	6	0	4	0	0	0	0	60	0	0
KiCS0136_312904	0	0	51	0	0	0	0	0	0	0
KiCS0140_313704	6	0	41	0	0	0	0	0	0	0
KiCS0141_314896	9	0	64	0	0	0	0	0	0	0
KiCS0143_316365	1	0	49	0	0	0	0	0	0	0
KiCS0145_314010	12	0	106	0	0	0	0	0	0	0
KiCS0148_319486	54	123	481	115	0	0	0	766	0	0
KiCS0149_316368	10	0	72	0	0	0	0	0	0	14
KiCS0150_315216	10	0	62	0	0	0	0	0	0	0
KiCS0152_316245	8	0	118	0	0	0	0	0	0	0
KiCS0154_18_752	9	0	26	0	0	0	0	167	0	0
KiCS0154_316299	6	0	18	0	22	0	34	0	0	0
KiCS0154_326256	6	0	10	0	0	0	0	126	0	0
KiCS0155_18_9678	3	0	85	0	0	0	0	0	0	0
KiCS0155_314807	17	0	65	0	0	0	0	0	0	0
KiCS0155_314825	3	0	71	0	0	0	0	0	0	0
KiCS0158_316457	4	7	1	18	0	0	0	67	0	0
KiCS0161_319069	6	0	118	0	0	0	0	0	0	0
KiCS0162_317276	7	0	14	0	0	0	0	78	0	0
KiCS0164_317770	10	0	54	0	0	0	0	0	0	0
KiCS0165_317832	20	0	292	0	0	0	0	0	0	0
KiCS0168_319321	17	0	178	0	0	0	0	0	0	0
KiCS0169_319629	5	0	44	0	0	0	0	0	0	0
KiCS0170_320432	5	0	77	0	0	0	0	0	0	0
KiCS0171_19_17562_A_02_00	8	8	66	11	0	0	0	0	0	0
KiCS0171_319910	11	0	74	0	0	0	0	0	0	0
KiCS0172_321979	1	0	258	0	0	0	0	0	0	0
KiCS0179_322516	14	22	18	27	0	0	0	96	0	0
KiCS0184_324069	1	0	34	0	0	0	0	80	0	0
KiCS0188_334057	5	0	109	0	0	0	0	0	0	0
KiCS0190_327483	6	0	72	0	0	0	0	0	0	0
KiCS0192_330523	3	0	118	0	0	0	0	0	0	0
KiCS0193_328018	18	0	175	0	0	0	0	0	0	0
KiCS0193_328020	12	0	84	0	0	0	0	116	0	0
KiCS0194_328185	4	69	187	68	0	114	0	0	0	0
KiCS0195_328069	89	0	455	0	0	0	0	0	0	0
KiCS0197_20_1402_A_02_00	4	0	385	0	0	0	0	0	0	0
KiCS0197_20_15931_A_02_00	11	0	124	0	0	0	0	0	0	0
KiCS0197_326711	9	0	61	0	0	0	0	0	0	0
KiCS0198_327862	7	0	54	0	0	0	0	124	0	0
KiCS0200_332386	6	0	93	0	0	0	0	0	0	0
KiCS0204_19_13898_A_02_00	8	0	24	0	0	76	0	215	0	0
KiCS0209_18_1512	9	0	34	0	0	0	0	45	0	0
KiCS0212_333928	4	0	152	0	0	0	0	0	0	0
KiCS0214_18_2567	5	0	24	0	0	0	0	84	0	0
KiCS0218_18_1530	2	0	178	0	0	0	0	0	0	0
KiCS0218_18_751	2	0	197	0	0	0	0	0	0	0
KiCS0218_20_11154_A_02_00	5	0	326	0	0	0	0	0	0	0
KiCS0220_18_3730	15	0	141	0	0	0	0	0	0	0
KiCS0220_18_8816_A_02_00	59	0	527	0	0	0	0	0	0	0
KiCS0221_18_2564	24	0	74	0	0	0	0	173	0	0
KiCS0222_18_7573	3	0	166	0	0	0	0	0	0	0
KiCS0225_18_2571	5	0	95	0	0	0	0	0	0	0
KiCS0226_18_2569	3	0	40	0	20	0	0	0	0	0
KiCS0227_18_2559	19	0	131	0	0	0	0	0	0	0
KiCS0228_18_7577	28	0	637	0	0	0	0	0	0	0
KiCS0228_18_7579	87	0	2189	0	0	0	999	0	0	0
KiCS0235_18_4828	8	0	100	0	0	0	0	0	0	0
KiCS0238_18_5640	10	0	125	0	0	0	0	0	0	21
KiCS0239_18_7570	6	0	55	0	0	0	0	0	0	0
KiCS0240_18_8811	5	0	91	0	0	0	0	0	0	0
KiCS0241_19_7197	6	0	100	0	0	0	0	0	0	0
KiCS0245_18_12071	1	0	41	0	0	0	0	0	0	0
KiCS0246_18_11279	0	0	112	0	0	0	0	0	0	0
KiCS0249_19_18443	9	5	109	19	0	0	0	0	39	0
KiCS0249_20_423_A_02_00	42	0	297	0	0	0	0	0	0	0
KiCS0249_20_7122_A_02_00	37	0	334	0	0	0	0	0	0	0
KiCS0252_18_9296	12	0	78	0	0	0	0	0	0	0
KiCS0259_18_12197	2	0	75	0	0	0	0	0	0	0
KiCS0261_19_18923_A_02_00	14	0	289	0	0	0	0	0	0	0
KiCS0263_18_15764_A_03_01	16	0	128	0	0	0	0	143	0	0
KiCS0266_19_13897_A_02_00	7	0	139	0	0	0	0	0	0	0
KiCS0269_18_13380	58	0	1955	0	0	0	576	0	0	0
KiCS0270_19_13895_A_02_00	17	0	128	0	0	0	0	0	0	0
KiCS0271_19_13900_A_02_00	12	0	153	0	0	0	0	0	0	0
KiCS0272_20_18312_A_02_00	13	0	70	0	0	0	0	0	0	0
KiCS0274_19-4026-A-02-00	6	0	70	0	0	0	0	0	0	0
KiCS0276_19_5404_A_02_00	24	0	119	0	0	0	0	311	0	0
KiCS0277_19_13896_A_02_00	16	0	217	0	0	0	0	0	0	0
KiCS0277_19_4280_A_02_01	10	0	300	0	0	0	0	0	0	0
KiCS0282_19_8768_A_02_00	14	0	149	0	0	0	0	0	0	0
KiCS0282_20_18314_A_02_00	29	0	139	0	0	0	0	253	0	32
KiCS0283_19_15299_A_02_00	19	0	118	0	0	0	0	0	0	0
KiCS0285_19_15633_A_02_00	6	0	104	0	0	0	0	0	0	0
KiCS0288_20_11147_A_02_00	6	0	99	0	0	0	0	0	0	0
KiCS0289_19_15639_A_02_00	6	0	90	0	0	0	0	0	0	0
KiCS0292_19_15636_A_02_00	5	0	77	0	0	0	0	0	0	0
KiCS0293_19_15645_A_02_00	3	0	48	14	0	0	0	0	0	0
KiCS0295_19_3667_A_02_00	16	0	139	0	0	0	0	0	0	0
KiCS0295_20_6217_A_02_00	18	0	180	0	0	0	0	0	0	0
KiCS0296_19_6855	9	7	14	14	0	0	0	72	0	0
KiCS0298_19_3826	12	0	0	0	0	0	0	77	0	0
KiCS0298_20_11148_A_02_00	12	0	150	0	0	0	0	0	0	0
KiCS0299_19_3794	146	0	5547	0	0	0	1587	0	0	0
KiCS0302_19_15647_A_02_00	11	0	96	0	0	0	0	0	0	0
KiCS0306_19_19567_A_02_00	12	0	180	38	0	0	0	0	0	0
KiCS0310_9_15653_A_02_00	400	0	2891	0	0	0	0	0	0	0
KiCS0312_19_15651_A_02_00	7	0	70	0	0	0	0	0	0	0
KiCS0314_19_11045_A_02_00	3	0	113	0	0	0	0	0	39	0
KiCS0319_19_11213_A_02_00	9	0	105	0	0	0	0	0	0	0
KiCS0319_19_19753_A_02_00	14	0	111	0	0	0	0	0	0	0
KiCS0320_20_18316_A_02_00	3	0	113	0	0	0	0	0	0	0
KiCS0323_19_26722_A_02_00	45	0	739	0	0	0	344	0	0	0
KiCS0324_19_15655_A_02_00	6	0	51	0	0	0	0	111	0	0
KiCS0326_19_21779_A_02_00	21	0	188	0	0	0	0	0	0	0
KiCS0327_20_75_A_02_00	4	0	202	0	0	0	0	0	0	0
KiCS0329_19_12113_A_02_00	15	0	104	0	0	0	0	0	0	0
KiCS0332_19_12115_A_02_00	4	0	135	0	0	0	0	0	0	0
KiCS0333_19_16938_A_02_00	2	0	27	0	0	0	0	61	0	0
KiCS0333_19_16940_A_02_00	5	0	119	0	0	0	0	0	0	0
KiCS0334_19_16943_A_02_00	4	0	50	0	0	0	0	0	0	0
KiCS0336_20_76_A_02_00	4	0	51	0	0	0	0	0	0	0
KiCS0337_19_12649_A_02_00	6	0	83	0	0	0	0	0	0	0
KiCS0339_20_1400_A_02_00	6	0	17	0	0	0	0	36	0	0
KiCS0341_19_17403_A_02_00	18	26	307	23	0	0	0	0	0	0
KiCS0343_19_13225_A_06_00	42	0	689	0	0	0	0	0	165	0
KiCS0345_20_1395_A_02_00	0	10	171	18	0	0	0	0	0	0
KiCS0347_19_17408_A_02_00	8	0	43	0	0	0	0	0	0	0
KiCS0349_19_17411_A_02_00	6	0	57	0	0	118	0	220	0	0
KiCS0350_19_25243_A_02_00	9	14	21	18	0	0	0	134	0	0
KiCS0350_20_1787_A_02_00	9	13	0	11	0	0	0	141	0	0
KiCS0354_19_19173_A_02_00	33	0	348	0	0	0	0	0	0	0
KiCS0356_19_17417_A_02_00	0	0	162	0	0	0	0	0	0	0
KiCS0358_19_19175_A_02_00	9	0	1573	0	563	0	1057	0	0	0
KiCS0359_19_18908_A_02_00	8	0	169	0	0	0	0	0	0	0
KiCS0361_19_18661_A_02_00	3	0	32	0	0	0	0	0	0	0
KiCS0362_19_19176_A_02_00	42	0	1478	0	0	0	491	0	0	0
KiCS0363_19_21783_A_02_00	2	0	24	0	0	51	0	67	0	0
KiCS0363_19_21794_A_02_00	0	0	85	0	0	0	0	0	0	0
KiCS0365_19_19570_A_02_00	2	0	17	0	0	0	49	113	0	0
KiCS0366_19_20056_A_02_00	8	0	5	0	0	0	0	46	0	0
KiCS0366_20_11333_A_02_00	8	0	125	0	0	0	0	0	0	27
KiCS0370_19_21815_A_02_00	5	0	576	0	0	0	0	0	0	0
KiCS0371_19_22172_A_02_00	2	0	56	0	0	0	0	0	0	0
KiCS0374_20_3759_A_02_00	23	0	350	0	0	0	0	0	0	0
KiCS0374_20_3760_A_02_00	63	0	318	0	0	0	0	0	0	63
KiCS0375_20_484_A_02_00	0	0	1256	0	0	0	0	0	0	0
KiCS0376_19_23808_A_02_00	0	0	551	0	0	0	0	0	0	0
KiCS0377_20_18334_A_02_00	9	14	287	33	0	0	0	0	0	0
KiCS0378_19_25245_A_02_00	10	13	183	13	0	0	0	0	0	0
KiCS0379_20_18013_A_02_00	12	0	25	0	21	32	50	0	0	0
KiCS0380_19_25917_A_02_00	17	0	186	0	0	0	0	0	0	0
KiCS0383_19_25931_A_02_00	17	0	178	0	0	0	0	0	0	0
KiCS0386_20_425_A_02_00	25	0	261	0	0	0	0	0	0	0
KiCS0391_20_11161_A_02_00	17	28	57	26	0	0	0	80	0	0
KiCS0487_20_20203_A_02_00	33	0	355	0	0	0	0	0	0	0
LKCGP-P000101-244105-01-01-01-D1	17	0	229	0	0	0	0	0	0	71
LKCGP-P000102-248287-01-01-01-D1	12	0	170	0	0	0	0	0	0	55
LKCGP-P000103-246820-01-03-01-D1	15	0	304	0	0	0	0	0	0	0
LKCGP-P000104-250304-01-06-01-D1	21	0	258	0	0	0	0	0	0	55
LKCGP-P000105-249031-01-03-01-R1	35	0	264	0	0	0	0	0	0	43
LKCGP-P000106-244271-01-01-01-R3	23	0	188	0	0	0	0	0	148	98
LKCGP-P000107-257820-01-04-01-D1	25	37	143	29	0	0	0	176	0	0
LKCGP-P000108-255679-01-06-01-R1	7	0	274	0	0	0	0	0	0	0
LKCGP-P000201-244412-01-06-01-R1	3	0	202	0	0	123	0	0	0	0
LKCGP-P000202-248737-01-01-01-R1	27	0	686	0	0	0	0	0	0	0
LKCGP-P000203-245823-01-04-01-R1	3	0	179	0	0	0	0	0	0	44
LKCGP-P000204-251965-01-04-01-D1	4	0	110	0	0	0	0	0	0	0
LKCGP-P000205-251424-01-04-01-R1	6	0	261	0	0	0	0	0	0	0
LKCGP-P000206-245229-01-04-01-R3	25	0	260	0	0	0	0	0	0	56
LKCGP-P000207-256902-01-06-01-R4	12	0	176	0	0	0	0	0	0	0
LKCGP-P000208-256832-01-01-01-D1	5	0	253	36	0	0	0	0	0	0
LKCGP-P000301-244735-01-06-01-D1	19	0	149	0	0	0	0	0	0	55
LKCGP-P000302-249382-01-01-01-D1	72	0	473	0	0	0	0	0	215	145
LKCGP-P000303-248216-01-04-01-P3	26	0	340	0	0	0	0	0	0	99
LKCGP-P000304-255645-01-04-01-R2	8	0	143	0	0	0	0	0	0	0
LKCGP-P000305-251503-01-02-01-D2	6	0	138	0	0	0	0	0	0	0
LKCGP-P000305-251504-01-02-05-D1	0	0	230	0	0	0	0	0	0	0
LKCGP-P000306-244703-01-04-01-R2	21	0	161	0	0	0	0	0	75	55
LKCGP-P000307-250768-01-01-01-D1	10	0	62	0	0	0	61	135	0	0
LKCGP-P000308-257986-01-04-20-R1	11	0	310	0	0	0	0	0	0	0
LKCGP-P000401-244917-01-06-01-D1	6	0	107	0	0	0	0	0	0	36
LKCGP-P000402-249682-01-04-01-R1	17	0	271	0	0	0	0	0	0	44
LKCGP-P000403-255320-01-04-01-D1	0	0	111	0	0	0	0	0	0	0
LKCGP-P000404-257958-01-01-01-P2	6	0	241	0	0	0	0	0	0	0
LKCGP-P000405-261706-01-04-01-D1	10	0	172	0	0	0	0	0	0	0
LKCGP-P000406-244901-03-04-01-D1	0	0	97	0	0	0	55	0	0	0
LKCGP-P000407-255560-01-03-01-R2	10	0	149	0	0	0	0	0	0	0
LKCGP-P000408-259006-03-02-19-R1	30	0	184	0	0	0	0	0	0	0
LKCGP-P000501-245256-01-06-01-D1	8	0	104	0	0	0	0	0	0	0
LKCGP-P000502-250726-01-06-01-P1	35	0	368	0	0	0	0	0	0	0
LKCGP-P000503-255087-01-06-01-D1	33	0	278	0	0	0	0	0	0	0
LKCGP-P000504-259156-01-01-01-D1	12	0	353	0	0	0	0	0	0	0
LKCGP-P000505-266106-01-04-01-R2	14	0	253	0	0	0	0	0	0	0
LKCGP-P000506-245249-01-04-01-R3	27	0	330	0	0	0	0	0	0	117
LKCGP-P000507-256616-01-04-01-D1	14	0	113	0	0	0	0	0	0	0
LKCGP-P000508-260304-01-04-01-D1	6	0	137	0	0	0	0	0	0	0
LKCGP-P000601-245664-01-06-01-D1	3	0	68	0	0	0	45	0	0	0
LKCGP-P000602-250784-01-04-01-D1	4	0	271	0	0	0	0	0	0	0
LKCGP-P000603-255322-01-06-01-D1	0	0	136	0	0	0	0	0	0	0
LKCGP-P000604-259901-01-01-01-D1	12	0	146	0	0	0	0	0	0	0
LKCGP-P000605-267980-01-01-01-R3	12	0	163	0	0	0	0	0	0	0
LKCGP-P000606-245909-01-01-01-P1	19	0	149	0	0	0	0	0	76	41
LKCGP-P000607-256617-01-02-06-R1	27	0	193	0	0	0	0	0	0	0
LKCGP-P000607-256695-01-02-01-R1	16	0	206	0	0	0	0	0	0	0
LKCGP-P000608-263367-01-01-01-R1	11	0	234	0	0	0	0	0	0	0
LKCGP-P000702-251072-01-06-01-D1	2	0	137	0	0	0	0	0	0	0
LKCGP-P000703-257977-01-01-01-P1	16	0	378	0	0	0	0	0	0	0
LKCGP-P000704-259975-01-04-01-P1	1	0	76	0	0	0	0	0	0	0
LKCGP-P000705-269231-01-04-20-D1	14	0	219	0	0	0	0	0	0	0
LKCGP-P000706-245879-01-01-01-P1	10	0	219	0	0	0	0	0	0	0
LKCGP-P000801-247593-01-01-01-R1	15	0	241	0	0	0	0	0	0	0
LKCGP-P000802-252046-01-06-01-R1	5	0	257	0	0	0	0	0	0	0
LKCGP-P000804-261896-01-01-01-R1	9	0	291	0	0	0	0	0	0	0
LKCGP-P000806-246360-01-04-01-D1	34	0	292	0	0	0	0	0	0	49
LKCGP-P000807-259168-03-01-13-R1	22	0	172	0	0	0	0	0	0	0
LKCGP-P000808-277070-01-02-03-R2	17	0	103	0	0	0	0	0	0	0
LKCGP-P000902-252200-01-01-01-D1	16	0	227	0	0	0	0	0	0	0
LKCGP-P000903-263833-01-01-01-P1	22	0	439	0	0	0	0	0	0	0
LKCGP-P000904-262038-01-01-01-D1	14	0	153	0	0	0	0	0	0	0
LKCGP-P000906-248532-01-02-01-P1	8	0	440	0	0	0	0	0	0	0
LKCGP-P001001-248023-01-01-01-R1	7	0	199	0	0	0	0	0	0	71
LKCGP-P001002-252900-01-01-01-R1	8	0	357	0	0	0	0	0	0	0
LKCGP-P001003-265756-01-01-01-D1	1	0	140	0	0	0	0	0	0	0
LKCGP-P001005-271863-01-02-03-D1	21	0	181	0	0	0	0	0	68	0
LKCGP-P001006-249154-01-02-01-R1	7	0	61	0	0	0	51	110	0	0
LKCGP-P001007-260322-01-01-01-D1	0	0	194	0	0	0	0	0	0	0
LKCGP-P001101-250725-01-03-01-P2	16	0	112	0	0	0	0	0	0	35
LKCGP-P001102-252831-01-01-01-D1	8	0	181	0	0	0	0	0	0	0
LKCGP-P001103-270604-01-02-03-R1	81	0	1509	0	0	0	0	0	0	0
LKCGP-P001104-263056-01-04-20-D1	15	0	222	0	0	0	0	0	0	0
LKCGP-P001105-271530-01-01-01-R1	13	0	215	0	0	0	0	0	0	0
LKCGP-P001106-249829-01-03-01-R1	68	0	455	0	0	0	0	0	289	205
LKCGP-P001201-248752-01-06-01-R1	6	0	174	0	0	0	0	0	0	0
LKCGP-P001203-271124-01-02-05-R1	24	0	230	0	0	0	0	0	0	0
LKCGP-P001204-263990-01-04-01-D1	1	0	146	0	0	0	0	0	0	0
LKCGP-P001205-274088-01-01-01-D1	5	0	412	0	0	0	0	0	0	0
LKCGP-P001206-250878-01-02-05-D1	17	0	333	0	0	0	0	0	0	0
LKCGP-P001207-262187-01-05-01-D1	4	9	145	16	0	0	0	0	0	0
LKCGP-P001301-248794-01-01-01-P2	5	31	142	50	0	0	0	248	0	0
LKCGP-P001302-256285-01-01-01-R1	7	0	107	0	0	0	0	0	0	0
LKCGP-P001303-271833-01-04-01-D1	1	0	171	0	0	0	0	0	0	0
LKCGP-P001304-264103-01-01-01-D1	10	0	338	0	0	0	0	0	0	0
LKCGP-P001305-275257-01-04-01-R1	12	0	122	0	0	0	0	0	0	29
LKCGP-P001306-255554-01-04-01-D1	5	0	393	0	0	0	0	0	0	0
LKCGP-P001307-263444-01-01-01-D1	6	0	95	0	0	0	0	0	0	0
LKCGP-P001401-249004-01-01-01-D1	6	0	162	18	0	0	0	0	0	0
LKCGP-P001402-258718-01-04-01-P1	14	0	336	0	0	0	0	0	0	0
LKCGP-P001403-272819-01-06-01-D1	4	0	266	0	0	0	0	0	0	0
LKCGP-P001404-264380-01-01-20-D1	5	0	181	0	0	0	0	0	0	0
LKCGP-P001405-277029-01-01-01-P1	10	0	134	0	0	0	0	0	0	0
LKCGP-P001406-256347-01-04-01-R3	8	28	385	62	0	0	0	0	0	0
LKCGP-P001407-264193-01-02-01-D1	5	0	121	0	0	0	0	0	0	0
LKCGP-P001408-312527-01-04-01-R1	1	55	277	64	0	90	0	0	0	0
LKCGP-P001501-248024-01-01-01-D1	28	0	414	0	0	0	0	0	0	0
LKCGP-P001502-260042-01-01-01-R1	10	15	170	20	0	0	0	0	0	0
LKCGP-P001503-272818-01-04-01-D1	0	0	147	0	0	0	0	0	0	0
LKCGP-P001504-265128-01-04-01-R1	12	0	199	0	0	0	0	0	0	0
LKCGP-P001505-277736-01-01-01-D1	4	0	177	0	0	0	0	0	0	62
LKCGP-P001506-257579-01-02-05-P1	8	0	205	0	0	0	0	0	0	0
LKCGP-P001602-259355-01-01-01-R1	0	0	156	0	0	0	0	0	0	0
LKCGP-P001604-266608-01-04-01-P1	0	0	164	0	0	0	0	0	0	0
LKCGP-P001605-279155-01-01-21-D1	7	0	80	0	0	0	0	0	0	0
LKCGP-P001606-256646-01-01-01-R1	5	0	281	0	0	0	0	0	0	0
LKCGP-P001607-265708-01-06-01-D1	12	0	218	0	0	0	0	0	0	0
LKCGP-P001607-265709-01-06-21-D2	11	0	221	0	0	0	0	0	0	0
LKCGP-P001702-260384-01-06-01-D1	30	0	140	0	0	0	0	0	0	0
LKCGP-P001706-258995-02-06-01-D1	1	0	176	0	0	0	0	0	0	0
LKCGP-P001707-266282-12-02-05-R1	22	0	351	0	0	0	0	0	0	0
LKCGP-P001801-255648-01-02-05-R2	13	0	146	0	0	0	0	0	0	0
LKCGP-P001802-261468-01-01-01-D1	11	0	277	0	0	0	0	0	0	0
LKCGP-P001804-268871-01-03-01-D1	3	0	186	0	0	0	0	0	0	0
LKCGP-P001806-259724-01-04-01-P1	13	0	228	0	0	0	121	0	0	0
LKCGP-P001901-256209-01-01-01-R1	16	0	214	0	0	60	0	0	0	0
LKCGP-P001904-268846-01-01-20-D1	32	0	444	0	0	0	0	0	0	0
LKCGP-P001906-260072-01-04-01-R1	5	0	119	0	0	0	0	0	0	0
LKCGP-P001907-271574-01-06-01-D1	2	0	135	0	0	0	0	0	0	0
LKCGP-P002001-256357-01-02-01-R2	4	0	157	0	0	0	0	0	0	0
LKCGP-P002004-269139-01-04-01-R1	12	0	189	0	0	0	0	0	0	0
LKCGP-P002006-260311-01-02-05-R1	5	0	181	0	0	0	0	0	0	0
LKCGP-P002007-273584-01-03-05-R1	15	0	231	0	0	0	0	0	0	0
LKCGP-P002101-256446-01-02-19-R2	9	0	151	0	0	0	0	0	0	0
LKCGP-P002102-262924-01-04-01-D1	0	0	120	0	0	0	0	0	0	0
LKCGP-P002104-269055-01-04-01-D1	1	0	141	0	0	0	0	0	0	0
LKCGP-P002107-279150-01-03-01-R1	12	0	26	0	0	0	0	193	0	0
LKCGP-P002201-257247-01-04-01-R1	7	0	512	0	0	0	0	0	0	0
LKCGP-P002204-269605-01-03-04-R1	3	0	134	0	0	0	67	109	0	0
LKCGP-P002301-257587-01-04-01-D1	3	0	116	0	0	0	168	398	0	0
LKCGP-P002302-267630-01-01-01-D1	4	0	121	0	0	0	0	0	0	0
LKCGP-P002306-263873-01-01-01-D1	36	0	553	0	0	0	0	0	0	0
LKCGP-P002402-267982-01-04-01-P1	9	0	101	0	0	0	70	268	0	0
LKCGP-P002404-271735-01-01-01-D1	17	0	135	0	0	0	0	0	0	0
LKCGP-P002501-259744-01-03-05-R1	13	0	64	0	0	0	0	143	0	0
LKCGP-P002502-268459-01-02-05-R1	11	0	161	0	0	0	0	0	0	0
LKCGP-P002506-265070-01-01-01-P1	9	12	249	28	0	0	0	0	0	0
LKCGP-P002601-260323-01-04-01-P2	7	0	381	0	0	0	0	0	0	0
LKCGP-P002602-269189-01-04-01-D1	11	0	106	0	0	0	0	0	0	0
LKCGP-P002604-272051-01-04-01-D1	19	0	368	0	0	0	0	0	0	0
LKCGP-P002606-265650-01-06-19-R1	4	0	145	0	0	0	0	0	0	0
LKCGP-P002701-261129-01-04-21-D1	23	0	319	0	0	0	0	0	0	0
LKCGP-P002702-270641-01-04-01-R1	12	0	69	0	0	0	0	176	0	0
LKCGP-P002704-273230-01-04-01-R2	12	0	117	0	0	0	0	0	0	0
LKCGP-P002801-261252-01-02-05-R1	14	0	131	0	0	0	0	0	0	0
LKCGP-P002802-270846-01-01-01-D1	24	0	262	0	0	0	0	0	0	0
LKCGP-P002902-273015-01-02-03-P1	4	0	144	0	0	0	0	0	0	0
LKCGP-P002904-273913-01-01-01-D1	12	0	147	0	0	0	0	0	0	0
LKCGP-P002906-271853-01-04-01-D1	19	0	195	0	0	0	0	0	0	0
LKCGP-P003001-262058-01-03-01-P1	13	0	180	0	0	0	0	291	0	0
LKCGP-P003002-273246-01-02-01-P1	7	0	143	0	0	0	0	0	0	0
LKCGP-P003004-275025-01-02-03-R3	51	0	190	0	0	0	0	0	0	0
LKCGP-P003006-272327-01-02-05-R1	7	0	136	0	0	0	0	0	0	0
LKCGP-P003101-262198-01-01-21-R2	9	0	197	0	0	0	0	0	0	0
LKCGP-P003104-275018-01-03-19-R1	13	0	283	0	0	0	0	0	0	0
LKCGP-P003106-274807-01-01-01-P2	6	0	143	0	0	59	0	0	0	0
LKCGP-P003201-263868-01-06-01-D1	5	0	126	0	0	0	0	0	0	0
LKCGP-P003202-273784-01-01-01-D1	21	0	147	0	0	0	0	0	0	0
LKCGP-P003204-276307-01-01-01-D1	25	0	116	0	0	0	0	258	0	0
LKCGP-P003206-273438-01-02-05-D1	12	0	194	0	0	0	0	0	0	0
LKCGP-P003302-274819-01-01-01-D1	13	0	163	0	0	0	0	0	0	0
LKCGP-P003306-273987-01-02-01-D1	19	0	333	0	0	0	0	0	0	0
LKCGP-P003401-265908-01-06-01-D1	5	0	136	0	0	0	0	0	0	0
LKCGP-P003402-274814-01-01-01-D1	6	0	179	0	0	0	0	0	0	0
LKCGP-P003404-276310-01-01-01-R1	10	0	162	0	0	0	0	0	0	0
LKCGP-P003501-266284-01-04-01-D1	15	0	235	0	0	0	0	0	0	0
LKCGP-P003502-275267-01-01-01-R1	5	0	222	0	0	0	0	0	0	0
LKCGP-P003504-276910-01-01-21-R1	4	0	103	0	0	0	0	0	0	0
LKCGP-P003506-274441-01-02-05-R1	3	0	83	0	0	0	0	0	0	0
LKCGP-P003602-275769-01-06-01-R1	14	0	76	0	0	0	0	0	41	0
LKCGP-P003604-277454-01-04-20-D1	9	0	184	0	0	0	0	0	0	0
LKCGP-P003606-275528-01-06-19-D1	10	0	252	0	0	0	0	0	0	0
LKCGP-P003702-277038-01-04-01-D1	3	26	293	51	0	0	0	0	0	0
LKCGP-P003704-277451-01-01-01-D1	14	0	185	0	0	0	0	0	0	0
LKCGP-P003707-302481-01-03-01-R1	0	0	225	0	0	79	0	0	0	0
LKCGP-P003801-267911-02-06-01-R1	2	0	132	0	0	0	0	0	0	0
LKCGP-P003804-277725-01-04-01-R1	11	0	152	0	0	0	0	0	0	0
LKCGP-P003901-268344-01-06-01-R1	9	0	155	0	0	0	0	0	0	0
LKCGP-P003902-277744-01-01-01-D1	11	0	109	0	0	0	0	0	0	34
LKCGP-P003904-279449-01-01-01-D1	7	0	166	0	0	0	0	0	0	38
LKCGP-P003906-277863-02-03-03-R3	0	0	303	0	0	0	0	0	0	0
LKCGP-P004001-268467-01-01-01-R2	3	0	170	0	0	0	0	0	0	0
LKCGP-P004001-268560-01-01-01-R1	3	0	153	0	0	0	0	0	0	0
LKCGP-P004101-269599-01-04-01-R1	32	0	262	0	0	0	0	250	0	0
LKCGP-P004102-279100-01-04-01-D1	7	0	124	0	0	0	0	0	0	0
LKCGP-P004107-311731-01-03-01-D1	8	0	33	0	0	0	0	78	0	0
LKCGP-P004201-269359-01-01-01-R1	6	0	231	0	0	0	0	0	0	0
LKCGP-P004202-279837-01-04-01-R1	5	33	313	100	0	0	0	0	0	0
LKCGP-P004301-270831-01-01-01-D1	16	0	95	0	0	0	0	56	39	0
LKCGP-P004401-270614-01-01-01-D1	14	0	308	21	0	0	0	0	0	0
LKCGP-P004402-279901-01-01-01-D1	1	0	293	0	0	0	0	0	0	0
LKCGP-P004404-282217-01-05-01-R1	8	19	249	32	0	101	0	0	0	0
LKCGP-P004501-271563-01-02-05-R1	6	0	48	0	0	0	0	0	0	0
LKCGP-P004701-273654-01-02-19-R1	14	0	249	0	0	0	0	0	0	0
LKCGP-P004801-275546-01-01-21-D1	6	0	130	0	0	0	0	0	0	0
LKCGP-P004804-288456-01-03-01-R1	2	0	148	0	0	0	0	0	0	0
LKCGP-P004901-275394-01-02-01-R2	19	0	73	0	0	0	0	167	0	0
LKCGP-P005001-275776-01-03-01-R1	10	0	192	0	0	60	0	0	0	0
LKCGP-P005101-276367-01-06-19-D1	9	0	166	0	0	0	0	0	0	0
LKCGP-P005106-292258-01-01-01-R1	13	0	122	0	0	46	0	0	0	0
LKCGP-P005201-276908-01-02-04-D1	10	0	166	0	0	0	0	0	0	0
LKCGP-P005301-277991-01-04-01-D1	9	0	142	0	0	0	0	0	0	0
LKCGP-P005401-277060-01-01-21-D1	7	0	151	0	0	0	0	0	0	0
LKCGP-P005406-294364-01-01-01-R2	3	0	63	0	0	0	0	111	0	0
LKCGP-P005501-278087-01-02-01-D1	6	0	130	0	0	0	76	0	0	0
LKCGP-P005504-294490-01-01-21-R1	10	0	213	0	0	0	0	0	0	0
LKCGP-P005601-279473-01-06-01-D1	8	0	135	0	0	0	0	0	66	0
LKCGP-P006104-300166-01-01-01-P1	0	0	165	0	0	0	0	0	0	0
LKCGP-P006202-298174-01-04-01-R1	14	23	223	17	0	103	0	0	0	0
LKCGP-T001102-244973-01-01-01-D1	16	0	155	0	0	0	0	0	0	51
LKCGP-T001202-245167-01-04-01-D1	46	0	371	0	0	0	0	0	142	96
LKCGP-T005701-242678-01-04-01-D1	5	0	110	0	0	0	0	0	0	0
LKCP-T000101-030303-01-04-01-D1	35	0	639	0	0	0	0	0	0	141
LKCP-T000102-168359-01-04-01-D1	0	0	138	15	0	0	0	0	0	0
LKCP-T000201-030226-01-01-01-D1	44	0	464	0	0	0	0	0	171	151
LKCP-T000301-174312-01-03-01-R1	0	0	56	0	0	0	0	140	0	0
LKCP-T000401-030270-02-02-16-R2	164	0	2343	0	0	0	0	0	539	0
LKCP-T000601-028528-01-01-01-R1	10	0	208	0	0	0	0	0	0	39
LKCP-T000602-176413-01-03-01-R1	0	0	235	0	0	0	0	0	0	0
LKCP-T000801-030437-01-01-01-D1	6	0	105	0	0	0	0	0	0	28
LKCP-T000802-236863-01-01-01-R1	0	22	131	0	56	0	0	0	0	0
LKCP-T000901-030528-01-05-01-D1	24	0	336	0	0	0	0	0	0	132
LKCP-T000902-239174-01-06-01-D1	0	0	119	0	0	0	0	0	0	0
LKCP-T001002-239333-01-06-01-D1	4	0	61	0	0	0	0	0	0	0
LKCP-T001101-030632-01-06-01-D1	57	0	596	0	0	0	0	0	287	286
LKCP-T001301-030877-01-03-01-R1	6	0	16	0	0	0	0	91	0	0
LKCP-T001601-030978-01-02-01-D1	7	0	57	0	0	0	0	99	0	31
LKCP-T001701-030976-01-04-01-R1	1	8	54	28	0	0	0	197	0	0
LKCP-T001801-031023-07-02-05-R1	4	0	126	0	0	0	0	0	0	0
LKCP-T001901-031281-01-04-01-R1	3	0	79	0	0	0	0	0	0	0
LKCP-T002101-031422-01-01-01-D1	7	0	56	0	0	0	0	0	0	15
LKCP-T002201-031482-01-01-01-R1	1	0	141	0	0	0	0	0	0	0
LKCP-T002301-031556-06-02-09-D1	7	0	63	0	0	0	0	0	0	0
LKCP-T002501-164590-01-01-01-P2	13	0	182	0	0	0	0	0	0	0
LKCP-T002701-167650-01-03-01-P1	14	0	28	0	0	102	0	240	0	0
LKCP-T002801-167757-01-01-01-R1	5	0	199	0	0	0	0	0	0	0
LKCP-T002901-167990-01-04-01-R1	6	0	188	0	0	0	0	0	0	41
LKCP-T003101-169491-01-01-01-R1	9	0	102	0	0	0	0	0	0	0
LKCP-T003201-169765-01-01-01-D1	8	0	167	0	0	0	72	0	0	0
LKCP-T003301-172592-01-01-01-D1	3	0	93	21	0	0	0	0	39	0
LKCP-T003401-174216-01-01-01-R1	5	0	125	0	0	0	0	0	0	0
LKCP-T003801-175631-01-01-01-D1	0	0	92	0	0	0	0	0	0	0
LKCP-T003901-176167-01-03-01-R1	2	0	66	0	0	76	0	92	0	0
LKCP-T004001-176166-06-06-01-D1	0	0	62	0	0	0	0	0	0	0
LKCP-T004301-178339-01-01-01-R1	7	0	68	0	0	0	0	107	0	0
LKCP-T004401-235152-01-01-01-D1	2	0	160	0	0	0	0	0	0	0
LKCP-T004501-236339-01-02-05-R1	5	0	30	0	0	0	0	47	0	0
LKCP-T004601-236658-01-04-01-D1	2	0	72	0	0	0	0	0	0	0
LKCP-T004701-237396-01-04-01-D1	1	0	164	0	0	0	0	0	0	0
LKCP-T004801-237803-03-01-01-D1	13	0	107	0	0	0	0	0	42	0
LKCP-T004901-238554-01-02-01-D1	12	0	90	0	0	0	0	0	0	0
LKCP-T005201-239954-01-01-01-D1	39	0	371	0	0	0	0	0	0	127
LKCP-T005401-240316-01-04-01-R1	15	0	179	0	0	0	0	0	0	43
I-H-108298-T1-1-D1-1	5	9	0	17	0	0	0	155	0	0
I-H-108317-T1-1-D1-1	2	0	0	0	0	0	0	68	0	0
I-H-108319-T1-1-D1-1	3	0	18	0	0	46	0	55	0	0
I-H-108333-T2-2-D1-1	1	0	4	0	0	0	0	20	0	0
I-H-121266-T1-2-D1-1	2	0	0	0	0	0	0	38	0	0
I-H-133671-T1-2-D1-1	1	0	80	0	0	0	0	0	0	0
I-H-133672-T1-2-D1-1	0	0	38	0	0	0	0	0	0	0
I-H-133673-T2-1-D1-1	14	0	22	0	0	0	0	151	0	0
I-H-133674-T1-2-D1-1	0	0	82	0	0	233	0	0	0	0
I-H-133675-T1-2-D1-1	0	38	42	50	0	37	0	0	0	0
I-H-134733-T3-2-D1-1	2	39	0	30	0	54	0	93	0	0
I-H-134753-T1-1-D1-1	5	0	0	0	0	0	0	65	0	0
I-H-134754-T1-1-D1-1	0	0	42	0	0	0	0	0	0	0
I-H-134756-T1-1-D1-1	0	0	12	0	0	0	0	0	0	0
I-H-134757-T1-1-D1-1	0	0	22	0	0	0	0	85	0	0
I-H-134768-T1-1-D1-2	2	0	61	0	0	0	0	0	0	0
I-H-135062-T1-1-D1-1	0	0	74	0	0	0	0	0	0	0
I-H-135065-T1-1-D1-1	0	0	129	0	0	0	0	0	0	0
I-H-135074-T1-2-D1-1	14	0	43	0	0	0	0	172	0	0
I-H-135076-T1-1-D1-1	4	0	0	0	0	0	0	63	0	0
I-H-135088-T1-2-D1-1	3	0	0	0	0	0	0	150	0	0
I-H-135387-T1-1-D1-1	2	20	1	12	0	0	0	57	0	0
I-H-135392-T1-1-D1-1	5	4	13	11	0	0	0	34	0	0
I-H-135393-T1-1-D1-1	0	0	56	0	0	0	0	0	0	0
I-H-135420-T1-2-D1-1	3	0	97	0	0	0	0	0	0	0
I-H-135459-T1-2-D1-1	2	0	0	0	0	0	8	0	0	0
I-H-135463-T1-2-D1-1	1	0	0	0	0	0	0	27	0	0
I-H-135467-T1-2-D1-1	1	0	9	0	0	0	0	0	0	0
I-H-135963-T1-1-D1-1	0	0	77	0	0	0	45	0	0	0
I-H-135963-T2-2-D1-1	8	0	28	0	0	0	47	82	0	0
I-H-135965-T1-1-D1-1	0	50	24	43	0	0	0	0	0	0
I-H-135967-T1-2-D1-1	3	40	7	19	0	117	0	265	0	0
I-H-135973-T1-2-D1-1	0	0	8	0	0	24	0	0	0	0
I-H-135988-T1-2-D1-1	1	0	13	0	0	0	0	0	0	0
I-H-136062-T1-1-D1-1	0	6	10	9	0	0	0	0	0	0
I-H-136083-T1-2-D1-1	1	0	0	0	0	0	0	32	0	0
I-H-136086-T1-1-D1-1	6	0	44	0	0	0	0	0	0	0
I-H-136134-T1-1-D1-1	7	0	6	0	0	0	0	235	0	0
I-H-136375-T1-1-D1-1	0	0	22	0	0	48	0	169	0	0
I-H-136424-T1-1-D1-1	0	0	51	0	0	0	0	0	0	0
I-H-136428-T1-1-D1-1	4	19	86	42	0	0	0	125	0	0
IID_H134768_T02_01_WG01	3	0	15	0	0	0	0	51	0	0
IID_H135068_T05_01_WG01	9	0	2	0	0	0	0	160	0	0
IID_H136433_T07_01_WG01	0	49	140	50	0	0	0	0	0	0
IID_H136640_T01_01_WG01	6	0	43	0	0	0	0	0	0	0
IID_H136641_T01_01_WG01	2	29	22	39	0	0	0	85	0	0
IID_H136648_T01_01_WG01	0	0	0	0	0	0	0	56	0	0
IID_H136649_T01_01_WG01	1	0	0	0	0	0	0	43	0	0
IID_H156407_T01_01_WG01	2	0	58	0	0	0	0	0	0	0
IID_H156409_T01_01_WG01	0	0	249	0	0	237	0	0	0	0
IID_H156416_T01_01_WG01	0	0	14	0	0	0	0	0	0	0
IID_H156418_T01_01_WG01	0	0	15	0	0	0	0	0	0	0
IID_H158181_T01_01_WG01	0	0	2	0	0	3	0	0	0	0
IID_H158182_T01_01_WG01	1	0	22	0	0	48	0	70	0	0
IID_H158183_T01_01_WG01	0	0	22	0	0	0	0	38	0	0
IID_H158184_T01_01_WG01	3	0	0	0	0	0	0	93	0	0
IID_H158186_T01_01_WG01	4	0	1	0	0	0	0	81	0	0
IID_H158223_T01_01_WG01	1	0	24	0	0	42	0	105	0	0
IID_H158271_T01_01_WG01	2	0	22	0	0	0	0	0	0	0
IID_H158493_T01_01_WG01	3	4	0	12	0	0	0	110	0	0
